INSERT INTO idp (id, name, domain, contactEmail, use_enhanced_reader_at, use_audiobooks_at, specialPricing, fromEmail, authMethod, sessionSharingAsRecipientInfo, entryPoint, logoutUrl, nameQualifier, idpcert, spcert, spkey, internalJWT, userInfoEndpoint, userInfoJWT, actionEndpoint, androidAppURL, iosAppURL, xapiOn, xapiEndpoint, xapiUsername, xapiPassword, xapiMaxBatchSize, readingSessionsOn, consentText, amplitudeSecretKey, maxMBPerBook, maxMBPerFile, googleAnalyticsCode, language, created_at, demo_expires_at, deviceLoginLimit, emailBGColor, emailInnerBGColor, emailLogoUrl, emailHideName) VALUES
(1, 'IDP Provider 1', 'idp1.example.com', 'admin1@example.com', '2024-06-15 12:41:45.680', '2024-10-11 12:41:45.680', 'OLD', 'noreply@idp1.example.com', 'NONE_OR_EMAIL', NULL, NULL, NULL, 'Qualifier-1', NULL, NULL, NULL, NULL, NULL, NULL, NULL, 'https://play.google.com/store/apps/details?id=idp1.app', 'https://itunes.apple.com/us/app/idp1', 0, NULL, NULL, NULL, NULL, 1, NULL, NULL, 24, 8, NULL, 'en', '2021-05-04 12:41:45.680', NULL, 8, '#FFFFFF', '#000000', 'https://s3.amazonaws.com/idp1/logo.png', 1),
(2, 'IDP Provider 2', 'idp2.example.com', 'admin2@example.com', NULL, '2025-02-02 12:41:45.680', NULL, 'noreply@idp2.example.com', 'SESSION_SHARING', NULL, NULL, NULL, 'Qualifier-2', NULL, NULL, NULL, NULL, NULL, NULL, NULL, 'https://play.google.com/store/apps/details?id=idp2.app', 'https://itunes.apple.com/us/app/idp2', 0, NULL, NULL, NULL, 50, 1, NULL, NULL, 43, 12, NULL, 'es', '2015-12-29 12:41:45.680', '2025-04-03 12:41:45.680', NULL, '#F5F5F5', '#F5F5F5', 'https://s3.amazonaws.com/idp2/logo.png', 1),
(3, 'IDP Provider 3', 'idp3.example.com', 'admin3@example.com', '2024-10-19 12:41:45.680', '2025-01-01 12:41:45.680', NULL, 'noreply@idp3.example.com', 'NONE_OR_EMAIL', NULL, NULL, NULL, 'Qualifier-3', NULL, NULL, NULL, NULL, NULL, NULL, NULL, 'https://play.google.com/store/apps/details?id=idp3.app', 'https://itunes.apple.com/us/app/idp3', 1, NULL, NULL, NULL, 16, 1, NULL, NULL, 34, 10, NULL, 'de', '2023-05-29 12:41:45.680', NULL, 6, '#FFFFFF', '#000000', 'https://s3.amazonaws.com/idp3/logo.png', 0),
(4, 'IDP Provider 4', 'idp4.example.com', 'admin4@example.com', NULL, '2024-10-20 12:41:45.680', NULL, 'noreply@idp4.example.com', 'NONE_OR_EMAIL', NULL, NULL, NULL, 'Qualifier-4', NULL, NULL, NULL, NULL, NULL, NULL, NULL, 'https://play.google.com/store/apps/details?id=idp4.app', 'https://itunes.apple.com/us/app/idp4', 1, NULL, NULL, NULL, 100, 1, NULL, NULL, 10, 17, NULL, 'fr', '2020-12-18 12:41:45.680', '2025-07-03 12:41:45.680', NULL, NULL, '#FFFFFF', 'https://s3.amazonaws.com/idp4/logo.png', 0),
(5, 'IDP Provider 5', 'idp5.example.com', 'admin5@example.com', '2025-01-21 12:41:45.680', '2024-11-02 12:41:45.680', NULL, 'noreply@idp5.example.com', 'NONE_OR_EMAIL', NULL, NULL, NULL, 'Qualifier-5', NULL, NULL, NULL, NULL, NULL, NULL, NULL, 'https://play.google.com/store/apps/details?id=idp5.app', 'https://itunes.apple.com/us/app/idp5', 0, NULL, NULL, NULL, NULL, 0, NULL, NULL, 37, 21, NULL, 'de', '2016-10-11 12:41:45.680', '2025-07-21 12:41:45.680', NULL, '#000000', '#FFFFFF', 'https://s3.amazonaws.com/idp5/logo.png', 0),
(6, 'IDP Provider 6', 'idp6.example.com', 'admin6@example.com', '2024-11-27 12:41:45.680', '2024-11-27 12:41:45.680', 'ORIG-ORCA', 'noreply@idp6.example.com', 'EMAIL', NULL, NULL, NULL, 'Qualifier-6', NULL, NULL, NULL, NULL, NULL, NULL, NULL, 'https://play.google.com/store/apps/details?id=idp6.app', 'https://itunes.apple.com/us/app/idp6', 0, NULL, NULL, NULL, 92, 0, NULL, NULL, 28, 8, NULL, 'en', '2016-08-21 12:41:45.680', '2025-03-02 12:41:45.680', NULL, '#F5F5F5', '#F5F5F5', 'https://s3.amazonaws.com/idp6/logo.png', 1),
(7, 'IDP Provider 7', 'idp7.example.com', 'admin7@example.com', '2024-12-22 12:41:45.680', '2024-10-30 12:41:45.680', NULL, 'noreply@idp7.example.com', 'NONE_OR_EMAIL', NULL, NULL, NULL, 'Qualifier-7', NULL, NULL, NULL, NULL, NULL, NULL, NULL, 'https://play.google.com/store/apps/details?id=idp7.app', 'https://itunes.apple.com/us/app/idp7', 0, NULL, NULL, NULL, 28, 0, NULL, NULL, 21, 8, NULL, 'fr', '2018-03-22 12:41:45.680', NULL, 5, '#FFFFFF', '#000000', 'https://s3.amazonaws.com/idp7/logo.png', 1),
(8, 'IDP Provider 8', 'idp8.example.com', 'admin8@example.com', '2024-04-21 12:41:45.680', '2024-09-30 12:41:45.680', NULL, 'noreply@idp8.example.com', 'SHIBBOLETH', NULL, NULL, NULL, 'Qualifier-8', NULL, NULL, NULL, NULL, NULL, NULL, NULL, 'https://play.google.com/store/apps/details?id=idp8.app', 'https://itunes.apple.com/us/app/idp8', 0, NULL, NULL, NULL, 60, 0, NULL, NULL, 21, 25, NULL, 'fr', '2023-01-05 12:41:45.680', '2025-03-21 12:41:45.680', NULL, NULL, '#F5F5F5', 'https://s3.amazonaws.com/idp8/logo.png', 1),
(9, 'IDP Provider 9', 'idp9.example.com', 'admin9@example.com', '2024-12-08 12:41:45.680', '2024-10-03 12:41:45.680', 'OLD', 'noreply@idp9.example.com', 'SESSION_SHARING', NULL, NULL, NULL, 'Qualifier-9', NULL, NULL, NULL, NULL, NULL, NULL, NULL, 'https://play.google.com/store/apps/details?id=idp9.app', 'https://itunes.apple.com/us/app/idp9', 0, NULL, NULL, NULL, 97, 1, NULL, NULL, 25, 25, NULL, 'es', '2021-02-01 12:41:45.680', '2025-12-10 12:41:45.680', NULL, NULL, NULL, 'https://s3.amazonaws.com/idp9/logo.png', 0),
(10, 'IDP Provider 10', 'idp10.example.com', 'admin10@example.com', '2024-05-22 12:41:45.680', NULL, 'ORIG-ORCA', 'noreply@idp10.example.com', 'EMAIL', NULL, NULL, NULL, 'Qualifier-10', NULL, NULL, NULL, NULL, NULL, NULL, NULL, 'https://play.google.com/store/apps/details?id=idp10.app', 'https://itunes.apple.com/us/app/idp10', 0, NULL, NULL, NULL, 99, 0, NULL, NULL, 16, 14, NULL, 'fr', '2023-04-02 12:41:45.680', '2025-09-20 12:41:45.680', 7, '#F5F5F5', '#FFFFFF', 'https://s3.amazonaws.com/idp10/logo.png', 1);

INSERT INTO `user` (`id`, `user_id_from_idp`, `idp_id`, `email`, `fullname`, `adminLevel`, `created_at`, `last_login_at`, `last_login_platform`) VALUES
(1, 'user_1@idp.com', 1, 'user1@example.com', 'User 1', 'NONE', '2025-02-04 00:00:00', '2025-02-09 00:00:00', 'Web'),
(2, 'user_2@idp.com', 2, 'user2@example.com', 'User 2', 'NONE', '2025-03-02 00:00:00', '2025-03-17 00:00:00', 'Web'),
(3, 'dev@toadreader.com', 2, 'dev@toadreader.com', 'Mr. Dev', 'ADMIN', '2020-10-14 16:47:50.859', '2024-02-29 21:32:48.023', 'Chrome 122.0.0 / Mac OS X 10.15.7'),
(4, 'user_4@idp.com', 4, 'user4@example.com', 'User 4', 'NONE', '2025-03-02 00:00:00', '2025-03-17 00:00:00', 'Web'),
(5, 'user_5@idp.com', 1, 'user5@example.com', 'User 5', 'NONE', '2025-02-14 00:00:00', '2025-03-04 00:00:00', 'Web'),
(6, 'user_6@idp.com', 7, 'user6@example.com', 'User 6', 'NONE', '2025-02-06 00:00:00', '2025-02-17 00:00:00', 'Web'),
(7, 'user_7@idp.com', 1, 'user7@example.com', 'User 7', 'NONE', '2025-02-21 00:00:00', '2025-03-05 00:00:00', 'Web'),
(8, 'user_8@idp.com', 9, 'user8@example.com', 'User 8', 'NONE', '2025-02-06 00:00:00', '2025-02-26 00:00:00', 'Web'),
(9, 'user_9@idp.com', 4, 'user9@example.com', 'User 9', 'NONE', '2025-02-11 00:00:00', '2025-02-20 00:00:00', 'Web'),
(10, 'user_10@idp.com', 2, 'user10@example.com', 'User 10', 'NONE', '2025-02-07 00:00:00', '2025-02-08 00:00:00', 'Web'),
(11, 'user_11@idp.com', 7, 'user11@example.com', 'User 11', 'NONE', '2025-03-01 00:00:00', '2025-03-19 00:00:00', 'Web'),
(12, 'user_12@idp.com', 9, 'user12@example.com', 'User 12', 'NONE', '2025-02-27 00:00:00', '2025-02-28 00:00:00', 'Web'),
(13, 'user_13@idp.com', 7, 'user13@example.com', 'User 13', 'NONE', '2025-02-28 00:00:00', '2025-03-01 00:00:00', 'Web'),
(14, 'user_14@idp.com', 3, 'user14@example.com', 'User 14', 'NONE', '2025-02-23 00:00:00', '2025-03-07 00:00:00', 'Web'),
(15, 'user_15@idp.com', 5, 'user15@example.com', 'User 15', 'NONE', '2025-02-28 00:00:00', '2025-03-08 00:00:00', 'Web'),
(16, 'user_16@idp.com', 7, 'user16@example.com', 'User 16', 'NONE', '2025-02-03 00:00:00', '2025-02-19 00:00:00', 'Web'),
(17, 'user_17@idp.com', 7, 'user17@example.com', 'User 17', 'NONE', '2025-02-18 00:00:00', '2025-02-28 00:00:00', 'Web'),
(18, 'user_18@idp.com', 8, 'user18@example.com', 'User 18', 'NONE', '2025-02-12 00:00:00', '2025-02-15 00:00:00', 'Web'),
(19, 'user_19@idp.com', 6, 'user19@example.com', 'User 19', 'NONE', '2025-02-01 00:00:00', '2025-02-17 00:00:00', 'Web'),
(20, 'user_20@idp.com', 2, 'user20@example.com', 'User 20', 'NONE', '2025-02-14 00:00:00', '2025-02-27 00:00:00', 'Web'),
(21, 'user_21@idp.com', 10, 'user21@example.com', 'User 21', 'NONE', '2025-03-01 00:00:00', '2025-03-13 00:00:00', 'Web'),
(22, 'user_22@idp.com', 9, 'user22@example.com', 'User 22', 'NONE', '2025-02-27 00:00:00', '2025-03-06 00:00:00', 'Web'),
(23, 'user_23@idp.com', 2, 'user23@example.com', 'User 23', 'NONE', '2025-02-11 00:00:00', '2025-02-21 00:00:00', 'Web'),
(24, 'user_24@idp.com', 4, 'user24@example.com', 'User 24', 'NONE', '2025-02-11 00:00:00', '2025-02-25 00:00:00', 'Web'),
(25, 'user_25@idp.com', 5, 'user25@example.com', 'User 25', 'NONE', '2025-02-08 00:00:00', '2025-02-14 00:00:00', 'Web'),
(26, 'user_26@idp.com', 5, 'user26@example.com', 'User 26', 'NONE', '2025-02-04 00:00:00', '2025-02-09 00:00:00', 'Web'),
(27, 'user_27@idp.com', 7, 'user27@example.com', 'User 27', 'NONE', '2025-02-11 00:00:00', '2025-02-21 00:00:00', 'Web'),
(28, 'user_28@idp.com', 3, 'user28@example.com', 'User 28', 'NONE', '2025-02-17 00:00:00', '2025-02-27 00:00:00', 'Web'),
(29, 'user_29@idp.com', 2, 'user29@example.com', 'User 29', 'NONE', '2025-02-23 00:00:00', '2025-02-24 00:00:00', 'Web'),
(30, 'user_30@idp.com', 1, 'user30@example.com', 'User 30', 'NONE', '2025-02-22 00:00:00', '2025-03-08 00:00:00', 'Web'),
(31, 'user_31@idp.com', 10, 'user31@example.com', 'User 31', 'NONE', '2025-02-08 00:00:00', '2025-02-14 00:00:00', 'Web'),
(32, 'user_32@idp.com', 2, 'user32@example.com', 'User 32', 'NONE', '2025-02-03 00:00:00', '2025-02-16 00:00:00', 'Web'),
(33, 'user_33@idp.com', 4, 'user33@example.com', 'User 33', 'NONE', '2025-02-15 00:00:00', '2025-03-01 00:00:00', 'Web'),
(34, 'user_34@idp.com', 1, 'user34@example.com', 'User 34', 'NONE', '2025-02-07 00:00:00', '2025-02-17 00:00:00', 'Web'),
(35, 'user_35@idp.com', 7, 'user35@example.com', 'User 35', 'NONE', '2025-02-24 00:00:00', '2025-03-13 00:00:00', 'Web'),
(36, 'user_36@idp.com', 2, 'user36@example.com', 'User 36', 'NONE', '2025-02-22 00:00:00', '2025-02-25 00:00:00', 'Web'),
(37, 'user_37@idp.com', 5, 'user37@example.com', 'User 37', 'NONE', '2025-02-18 00:00:00', '2025-02-24 00:00:00', 'Web'),
(38, 'user_38@idp.com', 9, 'user38@example.com', 'User 38', 'NONE', '2025-02-23 00:00:00', '2025-03-06 00:00:00', 'Web'),
(39, 'user_39@idp.com', 1, 'user39@example.com', 'User 39', 'NONE', '2025-03-03 00:00:00', '2025-03-15 00:00:00', 'Web'),
(40, 'user_40@idp.com', 6, 'user40@example.com', 'User 40', 'NONE', '2025-03-03 00:00:00', '2025-03-04 00:00:00', 'Web'),
(41, 'user_41@idp.com', 5, 'user41@example.com', 'User 41', 'NONE', '2025-02-11 00:00:00', '2025-02-16 00:00:00', 'Web'),
(42, 'user_42@idp.com', 6, 'user42@example.com', 'User 42', 'NONE', '2025-02-04 00:00:00', '2025-02-15 00:00:00', 'Web'),
(43, 'user_43@idp.com', 3, 'user43@example.com', 'User 43', 'NONE', '2025-02-14 00:00:00', '2025-02-26 00:00:00', 'Web'),
(44, 'user_44@idp.com', 6, 'user44@example.com', 'User 44', 'NONE', '2025-02-15 00:00:00', '2025-02-22 00:00:00', 'Web'),
(45, 'user_45@idp.com', 9, 'user45@example.com', 'User 45', 'NONE', '2025-02-02 00:00:00', '2025-02-14 00:00:00', 'Web'),
(46, 'user_46@idp.com', 2, 'user46@example.com', 'User 46', 'NONE', '2025-02-20 00:00:00', '2025-03-11 00:00:00', 'Web'),
(47, 'user_47@idp.com', 3, 'user47@example.com', 'User 47', 'NONE', '2025-02-16 00:00:00', '2025-03-06 00:00:00', 'Web'),
(48, 'user_48@idp.com', 10, 'user48@example.com', 'User 48', 'NONE', '2025-02-10 00:00:00', '2025-02-23 00:00:00', 'Web'),
(49, 'user_49@idp.com', 7, 'user49@example.com', 'User 49', 'NONE', '2025-02-10 00:00:00', '2025-02-17 00:00:00', 'Web'),
(50, 'user_50@idp.com', 9, 'user50@example.com', 'User 50', 'NONE', '2025-02-26 00:00:00', '2025-03-15 00:00:00', 'Web');

INSERT INTO `book` (`title`, `author`, `isbn`, `coverHref`, `rootUrl`, `updated_at`, `standardPriceInCents`, `epubSizeInMB`, `audiobookInfo`) VALUES
('Mere Christianity', 'C.S. Lewis', '9780000000000', 'https://example.com/covers/mere_christianity.jpg', 'https://example.com/books/mere_christianity', '2025-02-24 10:00:00.123', 999, 3, '{"spines": ["ch1.mp3", "ch2.mp3", "ch3.mp3"], "coverFilename": "mere_christianity_cover.jpg"}'),
('The Case for Christ', 'Lee Strobel', '9780000000001', 'https://example.com/covers/the_case_for_christ.jpg', 'https://example.com/books/the_case_for_christ', '2025-02-24 11:00:00.123', 1199, 4, '{"spines": ["ch1.mp3", "ch2.mp3", "ch3.mp3"], "coverFilename": "the_case_for_christ_cover.jpg"}'),
('Knowing God', 'J.I. Packer', '9780000000002', 'https://example.com/covers/knowing_god.jpg', 'https://example.com/books/knowing_god', '2025-02-24 12:00:00.123', 1399, 5, '{"spines": ["ch1.mp3", "ch2.mp3", "ch3.mp3"], "coverFilename": "knowing_god_cover.jpg"}'),
('The Purpose Driven Life', 'Rick Warren', '9780000000003', 'https://example.com/covers/the_purpose_driven_life.jpg', 'https://example.com/books/the_purpose_driven_life', '2025-02-24 13:00:00.123', 1599, 6, '{"spines": ["ch1.mp3", "ch2.mp3", "ch3.mp3"], "coverFilename": "the_purpose_driven_life_cover.jpg"}'),
('The Cost of Discipleship', 'Dietrich Bonhoeffer', '9780000000004', 'https://example.com/covers/the_cost_of_discipleship.jpg', 'https://example.com/books/the_cost_of_discipleship', '2025-02-24 14:00:00.123', 1799, 3, '{"spines": ["ch1.mp3", "ch2.mp3", "ch3.mp3"], "coverFilename": "the_cost_of_discipleship_cover.jpg"}'),
('Desiring God', 'John Piper', '9780000000005', 'https://example.com/covers/desiring_god.jpg', 'https://example.com/books/desiring_god', '2025-02-24 15:00:00.123', 999, 4, '{"spines": ["ch1.mp3", "ch2.mp3", "ch3.mp3"], "coverFilename": "desiring_god_cover.jpg"}'),
('Crazy Love', 'Francis Chan', '9780000000006', 'https://example.com/covers/crazy_love.jpg', 'https://example.com/books/crazy_love', '2025-02-24 16:00:00.123', 1199, 5, '{"spines": ["ch1.mp3", "ch2.mp3", "ch3.mp3"], "coverFilename": "crazy_love_cover.jpg"}'),
('The Knowledge of the Holy', 'A.W. Tozer', '9780000000007', 'https://example.com/covers/the_knowledge_of_the_holy.jpg', 'https://example.com/books/the_knowledge_of_the_holy', '2025-02-24 17:00:00.123', 1399, 6, '{"spines": ["ch1.mp3", "ch2.mp3", "ch3.mp3"], "coverFilename": "the_knowledge_of_the_holy_cover.jpg"}'),
('Radical', 'David Platt', '9780000000008', 'https://example.com/covers/radical.jpg', 'https://example.com/books/radical', '2025-02-24 18:00:00.123', 1599, 3, '{"spines": ["ch1.mp3", "ch2.mp3", "ch3.mp3"], "coverFilename": "radical_cover.jpg"}'),
('The Reason for God', 'Timothy Keller', '9780000000009', 'https://example.com/covers/the_reason_for_god.jpg', 'https://example.com/books/the_reason_for_god', '2025-02-24 19:00:00.123', 1799, 4, '{"spines": ["ch1.mp3", "ch2.mp3", "ch3.mp3"], "coverFilename": "the_reason_for_god_cover.jpg"}'),
('Jesus Among Other Gods', 'Ravi Zacharias', '97800000000010', 'https://example.com/covers/jesus_among_other_gods.jpg', 'https://example.com/books/jesus_among_other_gods', '2025-02-24 10:00:00.123', 999, 5, '{"spines": ["ch1.mp3", "ch2.mp3", "ch3.mp3"], "coverFilename": "jesus_among_other_gods_cover.jpg"}'),
('Simply Christian', 'N.T. Wright', '97800000000011', 'https://example.com/covers/simply_christian.jpg', 'https://example.com/books/simply_christian', '2025-02-24 11:00:00.123', 1199, 6, '{"spines": ["ch1.mp3", "ch2.mp3", "ch3.mp3"], "coverFilename": "simply_christian_cover.jpg"}'),
('Orthodoxy', 'G.K. Chesterton', '97800000000012', 'https://example.com/covers/orthodoxy.jpg', 'https://example.com/books/orthodoxy', '2025-02-24 12:00:00.123', 1399, 3, '{"spines": ["ch1.mp3", "ch2.mp3", "ch3.mp3"], "coverFilename": "orthodoxy_cover.jpg"}'),
('The Pilgrim’s Progress', 'John Bunyan', '97800000000013', 'https://example.com/covers/the_pilgrim’s_progress.jpg', 'https://example.com/books/the_pilgrim’s_progress', '2025-02-24 13:00:00.123', 1599, 4, '{"spines": ["ch1.mp3", "ch2.mp3", "ch3.mp3"], "coverFilename": "the_pilgrim’s_progress_cover.jpg"}'),
('Gentle and Lowly', 'Dane Ortlund', '97800000000014', 'https://example.com/covers/gentle_and_lowly.jpg', 'https://example.com/books/gentle_and_lowly', '2025-02-24 14:00:00.123', 1799, 5, '{"spines": ["ch1.mp3", "ch2.mp3", "ch3.mp3"], "coverFilename": "gentle_and_lowly_cover.jpg"}'),
('Heaven', 'Randy Alcorn', '97800000000015', 'https://example.com/covers/heaven.jpg', 'https://example.com/books/heaven', '2025-02-24 15:00:00.123', 999, 6, '{"spines": ["ch1.mp3", "ch2.mp3", "ch3.mp3"], "coverFilename": "heaven_cover.jpg"}'),
('God''''s Smuggler', 'Brother Andrew', '97800000000016', 'https://example.com/covers/god''''s_smuggler.jpg', 'https://example.com/books/god''''s_smuggler', '2025-02-24 16:00:00.123', 1199, 3, '{"spines": ["ch1.mp3", "ch2.mp3", "ch3.mp3"], "coverFilename": "god''''s_smuggler_cover.jpg"}'),
('The Explicit Gospel', 'Matt Chandler', '97800000000017', 'https://example.com/covers/the_explicit_gospel.jpg', 'https://example.com/books/the_explicit_gospel', '2025-02-24 17:00:00.123', 1399, 4, '{"spines": ["ch1.mp3", "ch2.mp3", "ch3.mp3"], "coverFilename": "the_explicit_gospel_cover.jpg"}'),
('Spiritual Disciplines for the Christian Life', 'Donald Whitney', '97800000000018', 'https://example.com/covers/spiritual_disciplines_for_the_christian_life.jpg', 'https://example.com/books/spiritual_disciplines_for_the_christian_life', '2025-02-24 18:00:00.123', 1599, 5, '{"spines": ["ch1.mp3", "ch2.mp3", "ch3.mp3"], "coverFilename": "spiritual_disciplines_for_the_christian_life_cover.jpg"}'),
('The Gospel Comes with a House Key', 'Rosaria Butterfield', '97800000000019', 'https://example.com/covers/the_gospel_comes_with_a_house_key.jpg', 'https://example.com/books/the_gospel_comes_with_a_house_key', '2025-02-24 19:00:00.123', 1799, 6, '{"spines": ["ch1.mp3", "ch2.mp3", "ch3.mp3"], "coverFilename": "the_gospel_comes_with_a_house_key_cover.jpg"}'),
('The Pursuit of God', 'A.W. Tozer', '97800000000020', 'https://example.com/covers/the_pursuit_of_god.jpg', 'https://example.com/books/the_pursuit_of_god', '2025-02-24 10:00:00.123', 999, 3, '{"spines": ["ch1.mp3", "ch2.mp3", "ch3.mp3"], "coverFilename": "the_pursuit_of_god_cover.jpg"}'),
('A Praying Life', 'Paul E. Miller', '97800000000021', 'https://example.com/covers/a_praying_life.jpg', 'https://example.com/books/a_praying_life', '2025-02-24 11:00:00.123', 1199, 4, '{"spines": ["ch1.mp3", "ch2.mp3", "ch3.mp3"], "coverFilename": "a_praying_life_cover.jpg"}'),
('Live No Lies', 'John Mark Comer', '97800000000022', 'https://example.com/covers/live_no_lies.jpg', 'https://example.com/books/live_no_lies', '2025-02-24 12:00:00.123', 1399, 5, '{"spines": ["ch1.mp3", "ch2.mp3", "ch3.mp3"], "coverFilename": "live_no_lies_cover.jpg"}'),
('Respectable Sins', 'Jerry Bridges', '97800000000023', 'https://example.com/covers/respectable_sins.jpg', 'https://example.com/books/respectable_sins', '2025-02-24 13:00:00.123', 1599, 6, '{"spines": ["ch1.mp3", "ch2.mp3", "ch3.mp3"], "coverFilename": "respectable_sins_cover.jpg"}'),
('Celebration of Discipline', 'Richard Foster', '97800000000024', 'https://example.com/covers/celebration_of_discipline.jpg', 'https://example.com/books/celebration_of_discipline', '2025-02-24 14:00:00.123', 1799, 3, '{"spines": ["ch1.mp3", "ch2.mp3", "ch3.mp3"], "coverFilename": "celebration_of_discipline_cover.jpg"}'),
('Faithful Presence', 'David Fitch', '97800000000025', 'https://example.com/covers/faithful_presence.jpg', 'https://example.com/books/faithful_presence', '2025-02-24 15:00:00.123', 999, 4, '{"spines": ["ch1.mp3", "ch2.mp3", "ch3.mp3"], "coverFilename": "faithful_presence_cover.jpg"}'),
('The Hole in Our Holiness', 'Kevin DeYoung', '97800000000026', 'https://example.com/covers/the_hole_in_our_holiness.jpg', 'https://example.com/books/the_hole_in_our_holiness', '2025-02-24 16:00:00.123', 1199, 5, '{"spines": ["ch1.mp3", "ch2.mp3", "ch3.mp3"], "coverFilename": "the_hole_in_our_holiness_cover.jpg"}'),
('Basic Christianity', 'John Stott', '97800000000027', 'https://example.com/covers/basic_christianity.jpg', 'https://example.com/books/basic_christianity', '2025-02-24 17:00:00.123', 1399, 6, '{"spines": ["ch1.mp3", "ch2.mp3", "ch3.mp3"], "coverFilename": "basic_christianity_cover.jpg"}'),
('Hearing God', 'Dallas Willard', '97800000000028', 'https://example.com/covers/hearing_god.jpg', 'https://example.com/books/hearing_god', '2025-02-24 18:00:00.123', 1599, 3, '{"spines": ["ch1.mp3", "ch2.mp3", "ch3.mp3"], "coverFilename": "hearing_god_cover.jpg"}'),
('Love Does', 'Bob Goff', '97800000000029', 'https://example.com/covers/love_does.jpg', 'https://example.com/books/love_does', '2025-02-24 19:00:00.123', 1799, 4, '{"spines": ["ch1.mp3", "ch2.mp3", "ch3.mp3"], "coverFilename": "love_does_cover.jpg"}'),
('The Prodigal God', 'Timothy Keller', '97800000000030', 'https://example.com/covers/the_prodigal_god.jpg', 'https://example.com/books/the_prodigal_god', '2025-02-24 10:00:00.123', 999, 5, '{"spines": ["ch1.mp3", "ch2.mp3", "ch3.mp3"], "coverFilename": "the_prodigal_god_cover.jpg"}'),
('The Divine Conspiracy', 'Dallas Willard', '97800000000031', 'https://example.com/covers/the_divine_conspiracy.jpg', 'https://example.com/books/the_divine_conspiracy', '2025-02-24 11:00:00.123', 1199, 6, '{"spines": ["ch1.mp3", "ch2.mp3", "ch3.mp3"], "coverFilename": "the_divine_conspiracy_cover.jpg"}'),
('Waking the Dead', 'John Eldredge', '97800000000032', 'https://example.com/covers/waking_the_dead.jpg', 'https://example.com/books/waking_the_dead', '2025-02-24 12:00:00.123', 1399, 3, '{"spines": ["ch1.mp3", "ch2.mp3", "ch3.mp3"], "coverFilename": "waking_the_dead_cover.jpg"}'),
('God''''s Big Picture', 'Vaughan Roberts', '97800000000033', 'https://example.com/covers/god''''s_big_picture.jpg', 'https://example.com/books/god''''s_big_picture', '2025-02-24 13:00:00.123', 1599, 4, '{"spines": ["ch1.mp3", "ch2.mp3", "ch3.mp3"], "coverFilename": "god''''s_big_picture_cover.jpg"}'),
('Emotionally Healthy Spirituality', 'Peter Scazzero', '97800000000034', 'https://example.com/covers/emotionally_healthy_spirituality.jpg', 'https://example.com/books/emotionally_healthy_spirituality', '2025-02-24 14:00:00.123', 1799, 5, '{"spines": ["ch1.mp3", "ch2.mp3", "ch3.mp3"], "coverFilename": "emotionally_healthy_spirituality_cover.jpg"}'),
('Not a Fan', 'Kyle Idleman', '97800000000035', 'https://example.com/covers/not_a_fan.jpg', 'https://example.com/books/not_a_fan', '2025-02-24 15:00:00.123', 999, 6, '{"spines": ["ch1.mp3", "ch2.mp3", "ch3.mp3"], "coverFilename": "not_a_fan_cover.jpg"}'),
('Follow Me', 'David Platt', '97800000000036', 'https://example.com/covers/follow_me.jpg', 'https://example.com/books/follow_me', '2025-02-24 16:00:00.123', 1199, 3, '{"spines": ["ch1.mp3", "ch2.mp3", "ch3.mp3"], "coverFilename": "follow_me_cover.jpg"}'),
('Hudson Taylor''''s Spiritual Secret', 'Dr. and Mrs. Howard Taylor', '97800000000037', 'https://example.com/covers/hudson_taylor''''s_spiritual_secret.jpg', 'https://example.com/books/hudson_taylor''''s_spiritual_secret', '2025-02-24 17:00:00.123', 1399, 4, '{"spines": ["ch1.mp3", "ch2.mp3", "ch3.mp3"], "coverFilename": "hudson_taylor''''s_spiritual_secret_cover.jpg"}'),
('Chasing God', 'Roger Huang', '97800000000038', 'https://example.com/covers/chasing_god.jpg', 'https://example.com/books/chasing_god', '2025-02-24 18:00:00.123', 1599, 5, '{"spines": ["ch1.mp3", "ch2.mp3", "ch3.mp3"], "coverFilename": "chasing_god_cover.jpg"}'),
('Counterfeit Gods', 'Timothy Keller', '97800000000039', 'https://example.com/covers/counterfeit_gods.jpg', 'https://example.com/books/counterfeit_gods', '2025-02-24 19:00:00.123', 1799, 6, '{"spines": ["ch1.mp3", "ch2.mp3", "ch3.mp3"], "coverFilename": "counterfeit_gods_cover.jpg"}'),
('The Jesus I Never Knew', 'Philip Yancey', '97800000000040', 'https://example.com/covers/the_jesus_i_never_knew.jpg', 'https://example.com/books/the_jesus_i_never_knew', '2025-02-24 10:00:00.123', 999, 3, '{"spines": ["ch1.mp3", "ch2.mp3", "ch3.mp3"], "coverFilename": "the_jesus_i_never_knew_cover.jpg"}'),
('The Hiding Place', 'Corrie ten Boom', '97800000000041', 'https://example.com/covers/the_hiding_place.jpg', 'https://example.com/books/the_hiding_place', '2025-02-24 11:00:00.123', 1199, 4, '{"spines": ["ch1.mp3", "ch2.mp3", "ch3.mp3"], "coverFilename": "the_hiding_place_cover.jpg"}'),
('The Normal Christian Life', 'Watchman Nee', '97800000000042', 'https://example.com/covers/the_normal_christian_life.jpg', 'https://example.com/books/the_normal_christian_life', '2025-02-24 12:00:00.123', 1399, 5, '{"spines": ["ch1.mp3", "ch2.mp3", "ch3.mp3"], "coverFilename": "the_normal_christian_life_cover.jpg"}'),
('Liturgy of the Ordinary', 'Tish Harrison Warren', '97800000000043', 'https://example.com/covers/liturgy_of_the_ordinary.jpg', 'https://example.com/books/liturgy_of_the_ordinary', '2025-02-24 13:00:00.123', 1599, 6, '{"spines": ["ch1.mp3", "ch2.mp3", "ch3.mp3"], "coverFilename": "liturgy_of_the_ordinary_cover.jpg"}'),
('Sacred Marriage', 'Gary Thomas', '97800000000044', 'https://example.com/covers/sacred_marriage.jpg', 'https://example.com/books/sacred_marriage', '2025-02-24 14:00:00.123', 1799, 3, '{"spines": ["ch1.mp3", "ch2.mp3", "ch3.mp3"], "coverFilename": "sacred_marriage_cover.jpg"}'),
('The Bible Jesus Read', 'Philip Yancey', '97800000000045', 'https://example.com/covers/the_bible_jesus_read.jpg', 'https://example.com/books/the_bible_jesus_read', '2025-02-24 15:00:00.123', 999, 4, '{"spines": ["ch1.mp3", "ch2.mp3", "ch3.mp3"], "coverFilename": "the_bible_jesus_read_cover.jpg"}'),
('The Gospel According to Jesus', 'John MacArthur', '97800000000046', 'https://example.com/covers/the_gospel_according_to_jesus.jpg', 'https://example.com/books/the_gospel_according_to_jesus', '2025-02-24 16:00:00.123', 1199, 5, '{"spines": ["ch1.mp3", "ch2.mp3", "ch3.mp3"], "coverFilename": "the_gospel_according_to_jesus_cover.jpg"}'),
('Your God Is Too Small', 'J.B. Phillips', '97800000000047', 'https://example.com/covers/your_god_is_too_small.jpg', 'https://example.com/books/your_god_is_too_small', '2025-02-24 17:00:00.123', 1399, 6, '{"spines": ["ch1.mp3", "ch2.mp3", "ch3.mp3"], "coverFilename": "your_god_is_too_small_cover.jpg"}'),
('A Long Obedience in the Same Direction', 'Eugene Peterson', '97800000000048', 'https://example.com/covers/a_long_obedience_in_the_same_direction.jpg', 'https://example.com/books/a_long_obedience_in_the_same_direction', '2025-02-24 18:00:00.123', 1599, 3, '{"spines": ["ch1.mp3", "ch2.mp3", "ch3.mp3"], "coverFilename": "a_long_obedience_in_the_same_direction_cover.jpg"}'),
('God''''s Will for Your Life', 'Andrew Murray', '97800000000049', 'https://example.com/covers/god''''s_will_for_your_life.jpg', 'https://example.com/books/god''''s_will_for_your_life', '2025-02-24 19:00:00.123', 1799, 4, '{"spines": ["ch1.mp3", "ch2.mp3", "ch3.mp3"], "coverFilename": "god''''s_will_for_your_life_cover.jpg"}');

INSERT INTO `book_download` (`book_id`, `idp_id`, `user_id`, `downloaded_at`) VALUES
(43, 5, 41, '2025-02-20 00:00:00'),
(19, 8, 28, '2025-02-17 00:00:00'),
(14, 7, 20, '2025-02-25 00:00:00'),
(3, 4, 37, '2025-02-24 00:00:00'),
(40, 8, 11, '2025-02-22 00:00:00'),
(48, 5, 11, '2025-02-17 00:00:00'),
(10, 10, 23, '2025-02-18 00:00:00'),
(41, 3, 10, '2025-02-16 00:00:00'),
(13, 10, 45, '2025-02-18 00:00:00'),
(3, 2, 6, '2025-02-23 00:00:00'),
(27, 10, 36, '2025-02-22 00:00:00'),
(47, 7, 9, '2025-02-23 00:00:00'),
(15, 1, 20, '2025-02-18 00:00:00'),
(37, 4, 50, '2025-02-18 00:00:00'),
(49, 4, 17, '2025-02-24 00:00:00'),
(38, 7, 37, '2025-02-18 00:00:00'),
(12, 6, 18, '2025-02-24 00:00:00'),
(44, 6, 30, '2025-02-16 00:00:00'),
(12, 1, 36, '2025-02-16 00:00:00'),
(12, 5, 43, '2025-02-25 00:00:00'),
(39, 6, 12, '2025-02-24 00:00:00'),
(10, 6, 14, '2025-02-21 00:00:00'),
(24, 2, 11, '2025-02-17 00:00:00'),
(48, 10, 20, '2025-02-19 00:00:00'),
(36, 1, 34, '2025-02-19 00:00:00'),
(19, 4, 12, '2025-02-25 00:00:00'),
(35, 6, 15, '2025-02-17 00:00:00'),
(4, 6, 45, '2025-02-16 00:00:00'),
(43, 1, 13, '2025-02-21 00:00:00'),
(24, 9, 38, '2025-02-25 00:00:00'),
(6, 6, 14, '2025-02-17 00:00:00'),
(7, 4, 19, '2025-02-24 00:00:00'),
(11, 1, 33, '2025-02-25 00:00:00'),
(11, 5, 29, '2025-02-21 00:00:00'),
(3, 8, 10, '2025-02-22 00:00:00'),
(31, 9, 22, '2025-02-25 00:00:00'),
(15, 2, 39, '2025-02-23 00:00:00'),
(41, 3, 46, '2025-02-17 00:00:00'),
(16, 1, 26, '2025-02-23 00:00:00'),
(35, 4, 19, '2025-02-18 00:00:00'),
(38, 8, 20, '2025-02-23 00:00:00'),
(50, 9, 18, '2025-02-19 00:00:00'),
(29, 9, 43, '2025-02-25 00:00:00'),
(8, 3, 3, '2025-02-25 00:00:00'),
(7, 5, 3, '2025-02-23 00:00:00'),
(17, 6, 29, '2025-02-17 00:00:00'),
(21, 9, 34, '2025-02-23 00:00:00'),
(46, 7, 29, '2025-02-21 00:00:00'),
(11, 2, 40, '2025-02-24 00:00:00'),
(14, 3, 2, '2025-02-20 00:00:00');

INSERT INTO `book_instance` (`idp_id`, `book_id`, `user_id`, `first_given_access_at`, `version`, `expires_at`) VALUES
(4, 39, 40, '2025-02-11 00:00:00', 'ENHANCED', '2026-01-27 00:00:00'),
(8, 13, 40, '2025-02-09 00:00:00', 'PUBLISHER', '2025-08-14 00:00:00'),
(4, 26, 40, '2025-02-03 00:00:00', 'INSTRUCTOR', '2025-06-13 00:00:00'),
(2, 31, 43, '2025-02-03 00:00:00', 'BASE', '2025-08-25 00:00:00'),
(10, 36, 10, '2025-02-07 00:00:00', 'ENHANCED', '2025-07-23 00:00:00'),
(7, 13, 21, '2025-02-07 00:00:00', 'PUBLISHER', '2025-08-20 00:00:00'),
(10, 47, 6, '2025-02-04 00:00:00', 'INSTRUCTOR', '2025-08-21 00:00:00'),
(1, 37, 11, '2025-02-10 00:00:00', 'INSTRUCTOR', '2026-01-22 00:00:00'),
(10, 33, 29, '2025-02-09 00:00:00', 'ENHANCED', '2025-09-14 00:00:00'),
(9, 12, 5, '2025-02-08 00:00:00', 'BASE', '2025-07-15 00:00:00'),
(5, 50, 18, '2025-02-10 00:00:00', 'BASE', '2025-05-19 00:00:00'),
(3, 26, 35, '2025-02-11 00:00:00', 'ENHANCED', '2025-09-07 00:00:00'),
(6, 46, 4, '2025-02-02 00:00:00', 'ENHANCED', '2025-09-13 00:00:00'),
(6, 27, 13, '2025-02-03 00:00:00', 'PUBLISHER', '2025-08-05 00:00:00'),
(5, 8, 40, '2025-02-05 00:00:00', 'BASE', '2025-04-22 00:00:00'),
(3, 38, 30, '2025-02-10 00:00:00', 'BASE', '2025-12-20 00:00:00'),
(1, 15, 19, '2025-02-09 00:00:00', 'BASE', '2025-05-24 00:00:00'),
(3, 35, 14, '2025-02-04 00:00:00', 'ENHANCED', '2025-12-04 00:00:00'),
(2, 33, 19, '2025-02-07 00:00:00', 'BASE', '2025-05-23 00:00:00'),
(8, 29, 24, '2025-02-02 00:00:00', 'INSTRUCTOR', '2025-12-02 00:00:00'),
(8, 32, 50, '2025-02-04 00:00:00', 'INSTRUCTOR', '2025-10-09 00:00:00'),
(2, 25, 38, '2025-02-02 00:00:00', 'PUBLISHER', '2026-01-08 00:00:00'),
(8, 9, 12, '2025-02-02 00:00:00', 'ENHANCED', '2025-09-10 00:00:00'),
(6, 36, 25, '2025-02-07 00:00:00', 'PUBLISHER', '2025-12-16 00:00:00'),
(5, 23, 47, '2025-02-04 00:00:00', 'INSTRUCTOR', '2025-06-19 00:00:00'),
(9, 13, 6, '2025-02-11 00:00:00', 'PUBLISHER', '2025-10-15 00:00:00'),
(4, 15, 30, '2025-02-08 00:00:00', 'BASE', '2025-08-31 00:00:00'),
(8, 4, 42, '2025-02-06 00:00:00', 'INSTRUCTOR', '2025-08-20 00:00:00'),
(10, 12, 5, '2025-02-10 00:00:00', 'PUBLISHER', '2025-06-09 00:00:00'),
(6, 50, 1, '2025-02-06 00:00:00', 'PUBLISHER', '2025-06-17 00:00:00'),
(3, 23, 16, '2025-02-03 00:00:00', 'PUBLISHER', '2025-07-18 00:00:00'),
(5, 3, 20, '2025-02-06 00:00:00', 'BASE', '2025-07-15 00:00:00'),
(5, 11, 35, '2025-02-11 00:00:00', 'BASE', '2025-12-14 00:00:00'),
(1, 43, 1, '2025-02-09 00:00:00', 'BASE', '2025-07-06 00:00:00'),
(6, 8, 36, '2025-02-06 00:00:00', 'BASE', '2025-07-13 00:00:00'),
(2, 45, 48, '2025-02-02 00:00:00', 'INSTRUCTOR', '2025-11-03 00:00:00'),
(4, 11, 4, '2025-02-03 00:00:00', 'PUBLISHER', '2025-07-23 00:00:00'),
(3, 37, 24, '2025-02-03 00:00:00', 'INSTRUCTOR', '2025-03-28 00:00:00'),
(1, 12, 31, '2025-02-05 00:00:00', 'PUBLISHER', '2025-10-09 00:00:00'),
(5, 49, 31, '2025-02-02 00:00:00', 'ENHANCED', '2025-08-03 00:00:00'),
(3, 9, 47, '2025-02-06 00:00:00', 'PUBLISHER', '2025-12-24 00:00:00'),
(8, 45, 10, '2025-02-04 00:00:00', 'ENHANCED', '2025-05-15 00:00:00'),
(4, 10, 4, '2025-02-06 00:00:00', 'BASE', '2025-06-24 00:00:00'),
(5, 42, 46, '2025-02-08 00:00:00', 'PUBLISHER', '2025-05-17 00:00:00'),
(5, 12, 17, '2025-02-07 00:00:00', 'PUBLISHER', '2025-04-22 00:00:00'),
(3, 48, 19, '2025-02-04 00:00:00', 'PUBLISHER', '2025-11-30 00:00:00'),
(5, 40, 12, '2025-02-07 00:00:00', 'PUBLISHER', '2025-11-21 00:00:00'),
(8, 16, 48, '2025-02-06 00:00:00', 'PUBLISHER', '2026-01-11 00:00:00'),
(1, 9, 8, '2025-02-02 00:00:00', 'ENHANCED', '2025-10-24 00:00:00'),
(8, 12, 10, '2025-02-08 00:00:00', 'PUBLISHER', '2025-03-24 00:00:00');

INSERT INTO `book-idp` (book_id, idp_id, link_href, link_label) VALUES
(39, 14, 'https://idp17.com/book39', 'Access Book 39'),
(23, 19, 'https://idp15.com/book23', 'Access Book 23'),
(33, 2, 'https://idp18.com/book33', 'Access Book 33'),
(11, 19, 'https://idp15.com/book11', 'Access Book 11'),
(37, 3, 'https://idp15.com/book37', 'Access Book 37'),
(26, 5, 'https://idp12.com/book26', 'Access Book 26'),
(26, 9, 'https://idp4.com/book26', 'Access Book 26'),
(3, 6, 'https://idp10.com/book3', 'Access Book 3'),
(9, 10, 'https://idp20.com/book9', 'Access Book 9'),
(50, 10, 'https://idp14.com/book50', 'Access Book 50'),
(42, 19, 'https://idp9.com/book42', 'Access Book 42'),
(37, 12, 'https://idp1.com/book37', 'Access Book 37'),
(22, 2, 'https://idp14.com/book22', 'Access Book 22'),
(25, 5, 'https://idp13.com/book25', 'Access Book 25'),
(37, 13, 'https://idp13.com/book37', 'Access Book 37'),
(46, 7, 'https://idp6.com/book46', 'Access Book 46'),
(1, 2, 'https://idp16.com/book1', 'Access Book 1'),
(33, 17, 'https://idp17.com/book33', 'Access Book 33'),
(26, 8, 'https://idp3.com/book26', 'Access Book 26'),
(47, 9, 'https://idp11.com/book47', 'Access Book 47'),
(8, 12, 'https://idp12.com/book8', 'Access Book 8'),
(17, 5, 'https://idp1.com/book17', 'Access Book 17'),
(46, 20, 'https://idp12.com/book46', 'Access Book 46'),
(15, 7, 'https://idp20.com/book15', 'Access Book 15'),
(29, 1, 'https://idp19.com/book29', 'Access Book 29'),
(22, 20, 'https://idp4.com/book22', 'Access Book 22'),
(24, 3, 'https://idp19.com/book24', 'Access Book 24'),
(46, 11, 'https://idp1.com/book46', 'Access Book 46'),
(3, 4, 'https://idp18.com/book3', 'Access Book 3'),
(47, 18, 'https://idp3.com/book47', 'Access Book 47'),
(47, 5, 'https://idp17.com/book47', 'Access Book 47'),
(23, 12, 'https://idp3.com/book23', 'Access Book 23'),
(7, 14, 'https://idp4.com/book7', 'Access Book 7'),
(18, 3, 'https://idp19.com/book18', 'Access Book 18'),
(21, 2, 'https://idp3.com/book21', 'Access Book 21'),
(2, 20, 'https://idp12.com/book2', 'Access Book 2'),
(38, 14, 'https://idp17.com/book38', 'Access Book 38'),
(24, 20, 'https://idp20.com/book24', 'Access Book 24'),
(16, 14, 'https://idp2.com/book16', 'Access Book 16'),
(49, 17, 'https://idp6.com/book49', 'Access Book 49'),
(48, 12, 'https://idp2.com/book48', 'Access Book 48'),
(46, 8, 'https://idp18.com/book46', 'Access Book 46'),
(40, 2, 'https://idp19.com/book40', 'Access Book 40'),
(6, 17, 'https://idp10.com/book6', 'Access Book 6'),
(8, 6, 'https://idp2.com/book8', 'Access Book 8'),
(43, 4, 'https://idp12.com/book43', 'Access Book 43'),
(31, 4, 'https://idp16.com/book31', 'Access Book 31'),
(49, 13, 'https://idp7.com/book49', 'Access Book 49'),
(35, 10, 'https://idp12.com/book35', 'Access Book 35'),
(44, 11, 'https://idp10.com/book44', 'Access Book 44'),
(29, 2, 'https://idp19.com/book29', 'Access Book 29'),
(5, 18, 'https://idp12.com/book5', 'Access Book 5'),
(45, 8, 'https://idp3.com/book45', 'Access Book 45'),
(34, 5, 'https://idp18.com/book34', 'Access Book 34'),
(1, 1, 'https://idp18.com/book1', 'Access Book 1'),
(27, 17, 'https://idp7.com/book27', 'Access Book 27'),
(8, 7, 'https://idp16.com/book8', 'Access Book 8'),
(4, 1, 'https://idp18.com/book4', 'Access Book 4'),
(47, 2, 'https://idp1.com/book47', 'Access Book 47'),
(49, 6, 'https://idp14.com/book49', 'Access Book 49'),
(50, 18, 'https://idp16.com/book50', 'Access Book 50'),
(18, 1, 'https://idp6.com/book18', 'Access Book 18'),
(44, 7, 'https://idp13.com/book44', 'Access Book 44'),
(37, 4, 'https://idp5.com/book37', 'Access Book 37'),
(11, 2, 'https://idp19.com/book11', 'Access Book 11'),
(42, 7, 'https://idp13.com/book42', 'Access Book 42'),
(38, 16, 'https://idp18.com/book38', 'Access Book 38'),
(12, 20, 'https://idp13.com/book12', 'Access Book 12'),
(29, 18, 'https://idp6.com/book29', 'Access Book 29'),
(26, 12, 'https://idp14.com/book26', 'Access Book 26'),
(13, 2, 'https://idp14.com/book13', 'Access Book 13'),
(45, 16, 'https://idp3.com/book45', 'Access Book 45'),
(50, 17, 'https://idp6.com/book50', 'Access Book 50'),
(36, 14, 'https://idp1.com/book36', 'Access Book 36'),
(31, 10, 'https://idp20.com/book31', 'Access Book 31'),
(21, 14, 'https://idp15.com/book21', 'Access Book 21'),
(39, 17, 'https://idp3.com/book39', 'Access Book 39'),
(32, 5, 'https://idp6.com/book32', 'Access Book 32'),
(27, 7, 'https://idp20.com/book27', 'Access Book 27'),
(8, 1, 'https://idp11.com/book8', 'Access Book 8'),
(7, 9, 'https://idp6.com/book7', 'Access Book 7'),
(22, 7, 'https://idp19.com/book22', 'Access Book 22'),
(47, 11, 'https://idp3.com/book47', 'Access Book 47'),
(19, 3, 'https://idp20.com/book19', 'Access Book 19'),
(30, 2, 'https://idp8.com/book30', 'Access Book 30'),
(21, 13, 'https://idp12.com/book21', 'Access Book 21'),
(5, 6, 'https://idp13.com/book5', 'Access Book 5'),
(34, 18, 'https://idp9.com/book34', 'Access Book 34'),
(17, 2, 'https://idp8.com/book17', 'Access Book 17'),
(26, 16, 'https://idp12.com/book26', 'Access Book 26'),
(16, 6, 'https://idp6.com/book16', 'Access Book 16'),
(27, 2, 'https://idp20.com/book27', 'Access Book 27'),
(32, 12, 'https://idp13.com/book32', 'Access Book 32'),
(23, 11, 'https://idp13.com/book23', 'Access Book 23'),
(6, 18, 'https://idp10.com/book6', 'Access Book 6'),
(43, 8, 'https://idp8.com/book43', 'Access Book 43'),
(10, 7, 'https://idp20.com/book10', 'Access Book 10'),
(48, 16, 'https://idp1.com/book48', 'Access Book 48'),
(22, 13, 'https://idp10.com/book22', 'Access Book 22'),
(46, 4, 'https://idp13.com/book46', 'Access Book 46');

INSERT INTO `highlight` (`id`, `user_id`, `book_id`, `spineIdRef`, `cfi`, `color`, `note`, `updated_at`, `deleted_at`) VALUES
(1, 7, 10, 'spine_13', 'cfi_45', 3, 'Highlight for 7', '2025-02-14 00:00:00', '0000-01-01 00:00:00.000'),
(2, 22, 44, 'spine_5', 'cfi_50', 3, 'Highlight for 22', '2025-02-13 00:00:00', '0000-01-01 00:00:00.000'),
(3, 49, 49, 'spine_8', 'cfi_98', 3, 'Highlight for 49', '2025-02-13 00:00:00', '0000-01-01 00:00:00.000'),
(4, 50, 18, 'spine_20', 'cfi_38', 3, 'Highlight for 50', '2025-02-14 00:00:00', '0000-01-01 00:00:00.000'),
(5, 35, 39, 'spine_3', 'cfi_88', 4, 'Highlight for 35', '2025-02-14 00:00:00', '0000-01-01 00:00:00.000'),
(6, 28, 28, 'spine_19', 'cfi_66', 5, 'Highlight for 28', '2025-02-11 00:00:00', '2025-02-11 00:00:00'),
(7, 19, 10, 'spine_6', 'cfi_4', 3, 'Highlight for 19', '2025-02-14 00:00:00', '0000-01-01 00:00:00.000'),
(8, 40, 29, 'spine_4', 'cfi_73', 3, 'Highlight for 40', '2025-02-14 00:00:00', '0000-01-01 00:00:00.000'),
(9, 30, 16, 'spine_18', 'cfi_10', 4, 'Highlight for 30', '2025-02-11 00:00:00', '0000-01-01 00:00:00.000'),
(10, 2, 8, 'spine_18', 'cfi_67', 2, 'Highlight for 2', '2025-02-12 00:00:00', '0000-01-01 00:00:00.000'),
(11, 11, 15, 'spine_1', 'cfi_54', 4, 'Highlight for 11', '2025-02-14 00:00:00', '0000-01-01 00:00:00.000'),
(12, 13, 33, 'spine_2', 'cfi_20', 4, 'Highlight for 13', '2025-02-12 00:00:00', '0000-01-01 00:00:00.000'),
(13, 48, 42, 'spine_9', 'cfi_71', 2, 'Highlight for 48', '2025-02-15 00:00:00', '2025-02-15 00:00:00'),
(14, 22, 1, 'spine_10', 'cfi_10', 1, 'Highlight for 22', '2025-02-14 00:00:00', '0000-01-01 00:00:00.000'),
(15, 23, 16, 'spine_14', 'cfi_94', 5, 'Highlight for 23', '2025-02-11 00:00:00', '0000-01-01 00:00:00.000'),
(16, 13, 24, 'spine_10', 'cfi_55', 3, 'Highlight for 13', '2025-02-11 00:00:00', '0000-01-01 00:00:00.000'),
(17, 17, 31, 'spine_7', 'cfi_22', 4, 'Highlight for 17', '2025-02-14 00:00:00', '0000-01-01 00:00:00.000'),
(18, 19, 19, 'spine_1', 'cfi_90', 3, 'Highlight for 19', '2025-02-11 00:00:00', '0000-01-01 00:00:00.000'),
(19, 23, 12, 'spine_15', 'cfi_79', 2, 'Highlight for 23', '2025-02-12 00:00:00', '0000-01-01 00:00:00.000'),
(20, 47, 1, 'spine_16', 'cfi_71', 3, 'Highlight for 47', '2025-02-15 00:00:00', '2025-02-15 00:00:00'),
(21, 3, 50, 'spine_3', 'cfi_30', 1, 'Highlight for 3', '2025-02-12 00:00:00', '0000-01-01 00:00:00.000'),
(22, 37, 45, 'spine_20', 'cfi_12', 5, 'Highlight for 37', '2025-02-13 00:00:00', '0000-01-01 00:00:00.000'),
(23, 26, 6, 'spine_10', 'cfi_66', 2, 'Highlight for 26', '2025-02-11 00:00:00', '0000-01-01 00:00:00.000'),
(24, 12, 50, 'spine_15', 'cfi_17', 4, 'Highlight for 12', '2025-02-12 00:00:00', '0000-01-01 00:00:00.000'),
(25, 49, 43, 'spine_10', 'cfi_93', 5, 'Highlight for 49', '2025-02-15 00:00:00', '0000-01-01 00:00:00.000'),
(26, 27, 35, 'spine_4', 'cfi_78', 2, 'Highlight for 27', '2025-02-12 00:00:00', '0000-01-01 00:00:00.000'),
(27, 18, 47, 'spine_15', 'cfi_39', 3, 'Highlight for 18', '2025-02-13 00:00:00', '0000-01-01 00:00:00.000'),
(28, 16, 3, 'spine_1', 'cfi_60', 5, 'Highlight for 16', '2025-02-14 00:00:00', '2025-02-14 00:00:00'),
(29, 43, 17, 'spine_4', 'cfi_15', 2, 'Highlight for 43', '2025-02-14 00:00:00', '0000-01-01 00:00:00.000'),
(30, 30, 26, 'spine_18', 'cfi_75', 1, 'Highlight for 30', '2025-02-15 00:00:00', '0000-01-01 00:00:00.000'),
(31, 13, 10, 'spine_1', 'cfi_75', 4, 'Highlight for 13', '2025-02-11 00:00:00', '0000-01-01 00:00:00.000'),
(32, 28, 34, 'spine_3', 'cfi_22', 3, 'Highlight for 28', '2025-02-12 00:00:00', '0000-01-01 00:00:00.000'),
(33, 32, 49, 'spine_11', 'cfi_54', 1, 'Highlight for 32', '2025-02-13 00:00:00', '0000-01-01 00:00:00.000'),
(34, 33, 43, 'spine_6', 'cfi_20', 1, 'Highlight for 33', '2025-02-13 00:00:00', '0000-01-01 00:00:00.000'),
(35, 38, 9, 'spine_10', 'cfi_22', 3, 'Highlight for 38', '2025-02-13 00:00:00', '0000-01-01 00:00:00.000'),
(36, 22, 3, 'spine_5', 'cfi_29', 3, 'Highlight for 22', '2025-02-12 00:00:00', '0000-01-01 00:00:00.000'),
(37, 32, 41, 'spine_18', 'cfi_91', 4, 'Highlight for 32', '2025-02-11 00:00:00', '0000-01-01 00:00:00.000'),
(38, 36, 15, 'spine_10', 'cfi_98', 2, 'Highlight for 36', '2025-02-14 00:00:00', '0000-01-01 00:00:00.000'),
(39, 49, 39, 'spine_5', 'cfi_15', 2, 'Highlight for 49', '2025-02-12 00:00:00', '2025-02-12 00:00:00'),
(40, 27, 16, 'spine_20', 'cfi_80', 5, 'Highlight for 27', '2025-02-12 00:00:00', '0000-01-01 00:00:00.000'),
(41, 16, 50, 'spine_18', 'cfi_68', 5, 'Highlight for 16', '2025-02-13 00:00:00', '0000-01-01 00:00:00.000'),
(42, 10, 32, 'spine_7', 'cfi_14', 1, 'Highlight for 10', '2025-02-12 00:00:00', '0000-01-01 00:00:00.000'),
(43, 27, 23, 'spine_11', 'cfi_49', 5, 'Highlight for 27', '2025-02-12 00:00:00', '0000-01-01 00:00:00.000'),
(44, 20, 8, 'spine_10', 'cfi_31', 3, 'Highlight for 20', '2025-02-13 00:00:00', '0000-01-01 00:00:00.000'),
(45, 46, 41, 'spine_15', 'cfi_91', 1, 'Highlight for 46', '2025-02-15 00:00:00', '0000-01-01 00:00:00.000'),
(46, 7, 6, 'spine_18', 'cfi_46', 1, 'Highlight for 7', '2025-02-12 00:00:00', '0000-01-01 00:00:00.000'),
(47, 38, 12, 'spine_16', 'cfi_59', 4, 'Highlight for 38', '2025-02-13 00:00:00', '0000-01-01 00:00:00.000'),
(48, 14, 15, 'spine_14', 'cfi_48', 1, 'Highlight for 14', '2025-02-14 00:00:00', '0000-01-01 00:00:00.000'),
(49, 5, 8, 'spine_13', 'cfi_90', 4, 'Highlight for 5', '2025-02-12 00:00:00', '0000-01-01 00:00:00.000'),
(50, 38, 3, 'spine_11', 'cfi_61', 2, 'Highlight for 38', '2025-02-11 00:00:00', '0000-01-01 00:00:00.000');

INSERT INTO book_textnode_index (id, book_id, spineIdRef, text, hitIndex, context) VALUES
(1, 1, 'spineRef1_1', 'Faith is the assurance of things hoped for, the conviction of things not seen.', 1, 'Matthew 18:20 - Gathering in God''s name'),
(2, 1, 'spineRef1_2', 'For God so loved the world that He gave His only Son.', 2, 'Joshua 1:9 - Encouragement and courage'),
(3, 1, 'spineRef1_3', 'In the beginning God created the heavens and the earth.', 3, 'Mark 12:31 - Love for neighbors'),
(4, 1, 'spineRef1_4', 'Be strong and courageous. Do not be afraid or discouraged.', 4, 'Psalm 23:1 - The Lord as a shepherd'),
(5, 1, 'spineRef1_5', 'For God so loved the world that He gave His only Son.', 5, 'Proverbs 3:5 - Trusting in the Lord'),
(6, 2, 'spineRef2_1', 'The Lord is my shepherd; I shall not want.', 1, 'Proverbs 3:5 - Trusting in the Lord'),
(7, 2, 'spineRef2_2', 'Trust in the Lord with all your heart and lean not on your own understanding.', 2, 'Philippians 4:13 - Strength in Christ'),
(8, 2, 'spineRef2_3', 'The Lord is my shepherd; I shall not want.', 3, 'Mark 12:31 - Love for neighbors'),
(9, 2, 'spineRef2_4', 'In the beginning God created the heavens and the earth.', 4, 'Joshua 1:9 - Encouragement and courage'),
(10, 2, 'spineRef2_5', 'For where two or three gather in my name, there am I with them.', 5, 'John 3:16 - The love of God'),
(11, 3, 'spineRef3_1', 'Trust in the Lord with all your heart and lean not on your own understanding.', 1, 'Hebrews 11:1 - Definition of faith'),
(12, 3, 'spineRef3_2', 'Love your neighbor as yourself.', 2, 'Hebrews 11:1 - Definition of faith'),
(13, 3, 'spineRef3_3', 'For where two or three gather in my name, there am I with them.', 3, 'Hebrews 11:1 - Definition of faith'),
(14, 3, 'spineRef3_4', 'Be strong and courageous. Do not be afraid or discouraged.', 4, 'Psalm 23:1 - The Lord as a shepherd'),
(15, 3, 'spineRef3_5', 'Be strong and courageous. Do not be afraid or discouraged.', 5, 'John 3:16 - The love of God'),
(16, 4, 'spineRef4_1', 'Be strong and courageous. Do not be afraid or discouraged.', 1, 'Mark 12:31 - Love for neighbors'),
(17, 4, 'spineRef4_2', 'Be strong and courageous. Do not be afraid or discouraged.', 2, 'Philippians 4:13 - Strength in Christ'),
(18, 4, 'spineRef4_3', 'For God so loved the world that He gave His only Son.', 3, 'Philippians 4:13 - Strength in Christ'),
(19, 4, 'spineRef4_4', 'In the beginning God created the heavens and the earth.', 4, 'Genesis 1:1 - Creation of the world'),
(20, 4, 'spineRef4_5', 'Be strong and courageous. Do not be afraid or discouraged.', 5, 'John 3:16 - The love of God'),
(21, 5, 'spineRef5_1', 'The Lord is my shepherd; I shall not want.', 1, 'Mark 12:31 - Love for neighbors'),
(22, 5, 'spineRef5_2', 'The Lord is my shepherd; I shall not want.', 2, 'Matthew 5:16 - Being a light to others'),
(23, 5, 'spineRef5_3', 'For where two or three gather in my name, there am I with them.', 3, 'Mark 12:31 - Love for neighbors'),
(24, 5, 'spineRef5_4', 'In the beginning God created the heavens and the earth.', 4, 'Matthew 5:16 - Being a light to others'),
(25, 5, 'spineRef5_5', 'The Lord is my shepherd; I shall not want.', 5, 'Hebrews 11:1 - Definition of faith'),
(26, 6, 'spineRef6_1', 'Love your neighbor as yourself.', 1, 'Proverbs 3:5 - Trusting in the Lord'),
(27, 6, 'spineRef6_2', 'Love your neighbor as yourself.', 2, 'Matthew 5:16 - Being a light to others'),
(28, 6, 'spineRef6_3', 'Faith is the assurance of things hoped for, the conviction of things not seen.', 3, 'Proverbs 3:5 - Trusting in the Lord'),
(29, 6, 'spineRef6_4', 'In the beginning God created the heavens and the earth.', 4, 'Hebrews 11:1 - Definition of faith'),
(30, 6, 'spineRef6_5', 'For God so loved the world that He gave His only Son.', 5, 'Matthew 5:16 - Being a light to others'),
(31, 7, 'spineRef7_1', 'Faith is the assurance of things hoped for, the conviction of things not seen.', 1, 'Hebrews 11:1 - Definition of faith'),
(32, 7, 'spineRef7_2', 'For where two or three gather in my name, there am I with them.', 2, 'Proverbs 3:5 - Trusting in the Lord'),
(33, 7, 'spineRef7_3', 'Faith is the assurance of things hoped for, the conviction of things not seen.', 3, 'Genesis 1:1 - Creation of the world'),
(34, 7, 'spineRef7_4', 'Trust in the Lord with all your heart and lean not on your own understanding.', 4, 'Matthew 5:16 - Being a light to others'),
(35, 7, 'spineRef7_5', 'For God so loved the world that He gave His only Son.', 5, 'John 3:16 - The love of God'),
(36, 8, 'spineRef8_1', 'For where two or three gather in my name, there am I with them.', 1, 'John 3:16 - The love of God'),
(37, 8, 'spineRef8_2', 'For where two or three gather in my name, there am I with them.', 2, 'Psalm 23:1 - The Lord as a shepherd'),
(38, 8, 'spineRef8_3', 'Let your light shine before others, that they may see your good deeds.', 3, 'Philippians 4:13 - Strength in Christ'),
(39, 8, 'spineRef8_4', 'I can do all things through Christ who strengthens me.', 4, 'Genesis 1:1 - Creation of the world'),
(40, 8, 'spineRef8_5', 'The Lord is my shepherd; I shall not want.', 5, 'Philippians 4:13 - Strength in Christ'),
(41, 9, 'spineRef9_1', 'Let your light shine before others, that they may see your good deeds.', 1, 'Genesis 1:1 - Creation of the world'),
(42, 9, 'spineRef9_2', 'Let your light shine before others, that they may see your good deeds.', 2, 'Genesis 1:1 - Creation of the world'),
(43, 9, 'spineRef9_3', 'For where two or three gather in my name, there am I with them.', 3, 'Psalm 23:1 - The Lord as a shepherd'),
(44, 9, 'spineRef9_4', 'For God so loved the world that He gave His only Son.', 4, 'Proverbs 3:5 - Trusting in the Lord'),
(45, 9, 'spineRef9_5', 'Love your neighbor as yourself.', 5, 'Proverbs 3:5 - Trusting in the Lord'),
(46, 10, 'spineRef10_1', 'In the beginning God created the heavens and the earth.', 1, 'John 3:16 - The love of God'),
(47, 10, 'spineRef10_2', 'For God so loved the world that He gave His only Son.', 2, 'Psalm 23:1 - The Lord as a shepherd'),
(48, 10, 'spineRef10_3', 'I can do all things through Christ who strengthens me.', 3, 'Philippians 4:13 - Strength in Christ'),
(49, 10, 'spineRef10_4', 'For God so loved the world that He gave His only Son.', 4, 'Mark 12:31 - Love for neighbors'),
(50, 10, 'spineRef10_5', 'Let your light shine before others, that they may see your good deeds.', 5, 'Matthew 5:16 - Being a light to others'),
(51, 11, 'spineRef11_1', 'For where two or three gather in my name, there am I with them.', 1, 'Genesis 1:1 - Creation of the world'),
(52, 11, 'spineRef11_2', 'In the beginning God created the heavens and the earth.', 2, 'Proverbs 3:5 - Trusting in the Lord'),
(53, 11, 'spineRef11_3', 'I can do all things through Christ who strengthens me.', 3, 'Genesis 1:1 - Creation of the world'),
(54, 11, 'spineRef11_4', 'Let your light shine before others, that they may see your good deeds.', 4, 'Hebrews 11:1 - Definition of faith'),
(55, 11, 'spineRef11_5', 'Faith is the assurance of things hoped for, the conviction of things not seen.', 5, 'Philippians 4:13 - Strength in Christ'),
(56, 12, 'spineRef12_1', 'Let your light shine before others, that they may see your good deeds.', 1, 'Genesis 1:1 - Creation of the world'),
(57, 12, 'spineRef12_2', 'Let your light shine before others, that they may see your good deeds.', 2, 'Mark 12:31 - Love for neighbors'),
(58, 12, 'spineRef12_3', 'For where two or three gather in my name, there am I with them.', 3, 'Psalm 23:1 - The Lord as a shepherd'),
(59, 12, 'spineRef12_4', 'I can do all things through Christ who strengthens me.', 4, 'Mark 12:31 - Love for neighbors'),
(60, 12, 'spineRef12_5', 'I can do all things through Christ who strengthens me.', 5, 'Mark 12:31 - Love for neighbors'),
(61, 13, 'spineRef13_1', 'Let your light shine before others, that they may see your good deeds.', 1, 'Matthew 18:20 - Gathering in God''s name'),
(62, 13, 'spineRef13_2', 'Love your neighbor as yourself.', 2, 'Mark 12:31 - Love for neighbors'),
(63, 13, 'spineRef13_3', 'For God so loved the world that He gave His only Son.', 3, 'Psalm 23:1 - The Lord as a shepherd'),
(64, 13, 'spineRef13_4', 'In the beginning God created the heavens and the earth.', 4, 'Psalm 23:1 - The Lord as a shepherd'),
(65, 13, 'spineRef13_5', 'Be strong and courageous. Do not be afraid or discouraged.', 5, 'Psalm 23:1 - The Lord as a shepherd'),
(66, 14, 'spineRef14_1', 'In the beginning God created the heavens and the earth.', 1, 'Joshua 1:9 - Encouragement and courage'),
(67, 14, 'spineRef14_2', 'Love your neighbor as yourself.', 2, 'Psalm 23:1 - The Lord as a shepherd'),
(68, 14, 'spineRef14_3', 'Faith is the assurance of things hoped for, the conviction of things not seen.', 3, 'Philippians 4:13 - Strength in Christ'),
(69, 14, 'spineRef14_4', 'In the beginning God created the heavens and the earth.', 4, 'Proverbs 3:5 - Trusting in the Lord'),
(70, 14, 'spineRef14_5', 'For God so loved the world that He gave His only Son.', 5, 'Matthew 18:20 - Gathering in God''s name'),
(71, 15, 'spineRef15_1', 'Let your light shine before others, that they may see your good deeds.', 1, 'John 3:16 - The love of God'),
(72, 15, 'spineRef15_2', 'I can do all things through Christ who strengthens me.', 2, 'Hebrews 11:1 - Definition of faith'),
(73, 15, 'spineRef15_3', 'The Lord is my shepherd; I shall not want.', 3, 'Mark 12:31 - Love for neighbors'),
(74, 15, 'spineRef15_4', 'For God so loved the world that He gave His only Son.', 4, 'Hebrews 11:1 - Definition of faith'),
(75, 15, 'spineRef15_5', 'I can do all things through Christ who strengthens me.', 5, 'Psalm 23:1 - The Lord as a shepherd'),
(76, 16, 'spineRef16_1', 'Be strong and courageous. Do not be afraid or discouraged.', 1, 'Joshua 1:9 - Encouragement and courage'),
(77, 16, 'spineRef16_2', 'For where two or three gather in my name, there am I with them.', 2, 'Philippians 4:13 - Strength in Christ'),
(78, 16, 'spineRef16_3', 'Let your light shine before others, that they may see your good deeds.', 3, 'Matthew 18:20 - Gathering in God''s name'),
(79, 16, 'spineRef16_4', 'For God so loved the world that He gave His only Son.', 4, 'Genesis 1:1 - Creation of the world'),
(80, 16, 'spineRef16_5', 'Be strong and courageous. Do not be afraid or discouraged.', 5, 'Mark 12:31 - Love for neighbors'),
(81, 17, 'spineRef17_1', 'The Lord is my shepherd; I shall not want.', 1, 'Psalm 23:1 - The Lord as a shepherd'),
(82, 17, 'spineRef17_2', 'For God so loved the world that He gave His only Son.', 2, 'Matthew 5:16 - Being a light to others'),
(83, 17, 'spineRef17_3', 'I can do all things through Christ who strengthens me.', 3, 'Hebrews 11:1 - Definition of faith'),
(84, 17, 'spineRef17_4', 'Be strong and courageous. Do not be afraid or discouraged.', 4, 'Mark 12:31 - Love for neighbors'),
(85, 17, 'spineRef17_5', 'Trust in the Lord with all your heart and lean not on your own understanding.', 5, 'Proverbs 3:5 - Trusting in the Lord'),
(86, 18, 'spineRef18_1', 'For where two or three gather in my name, there am I with them.', 1, 'Joshua 1:9 - Encouragement and courage'),
(87, 18, 'spineRef18_2', 'Trust in the Lord with all your heart and lean not on your own understanding.', 2, 'Matthew 18:20 - Gathering in God''s name'),
(88, 18, 'spineRef18_3', 'Be strong and courageous. Do not be afraid or discouraged.', 3, 'Philippians 4:13 - Strength in Christ'),
(89, 18, 'spineRef18_4', 'For where two or three gather in my name, there am I with them.', 4, 'Mark 12:31 - Love for neighbors'),
(90, 18, 'spineRef18_5', 'Let your light shine before others, that they may see your good deeds.', 5, 'John 3:16 - The love of God'),
(91, 19, 'spineRef19_1', 'Faith is the assurance of things hoped for, the conviction of things not seen.', 1, 'Mark 12:31 - Love for neighbors'),
(92, 19, 'spineRef19_2', 'Faith is the assurance of things hoped for, the conviction of things not seen.', 2, 'Joshua 1:9 - Encouragement and courage'),
(93, 19, 'spineRef19_3', 'I can do all things through Christ who strengthens me.', 3, 'Proverbs 3:5 - Trusting in the Lord'),
(94, 19, 'spineRef19_4', 'I can do all things through Christ who strengthens me.', 4, 'Philippians 4:13 - Strength in Christ'),
(95, 19, 'spineRef19_5', 'Faith is the assurance of things hoped for, the conviction of things not seen.', 5, 'Matthew 18:20 - Gathering in God''s name'),
(96, 20, 'spineRef20_1', 'The Lord is my shepherd; I shall not want.', 1, 'Mark 12:31 - Love for neighbors'),
(97, 20, 'spineRef20_2', 'For where two or three gather in my name, there am I with them.', 2, 'Genesis 1:1 - Creation of the world'),
(98, 20, 'spineRef20_3', 'Faith is the assurance of things hoped for, the conviction of things not seen.', 3, 'Psalm 23:1 - The Lord as a shepherd'),
(99, 20, 'spineRef20_4', 'In the beginning God created the heavens and the earth.', 4, 'John 3:16 - The love of God'),
(100, 20, 'spineRef20_5', 'The Lord is my shepherd; I shall not want.', 5, 'Genesis 1:1 - Creation of the world'),
(101, 21, 'spineRef21_1', 'Love your neighbor as yourself.', 1, 'Genesis 1:1 - Creation of the world'),
(102, 21, 'spineRef21_2', 'Love your neighbor as yourself.', 2, 'Psalm 23:1 - The Lord as a shepherd'),
(103, 21, 'spineRef21_3', 'Love your neighbor as yourself.', 3, 'Philippians 4:13 - Strength in Christ'),
(104, 21, 'spineRef21_4', 'Be strong and courageous. Do not be afraid or discouraged.', 4, 'John 3:16 - The love of God'),
(105, 21, 'spineRef21_5', 'Trust in the Lord with all your heart and lean not on your own understanding.', 5, 'Proverbs 3:5 - Trusting in the Lord'),
(106, 22, 'spineRef22_1', 'Be strong and courageous. Do not be afraid or discouraged.', 1, 'Psalm 23:1 - The Lord as a shepherd'),
(107, 22, 'spineRef22_2', 'Love your neighbor as yourself.', 2, 'Psalm 23:1 - The Lord as a shepherd'),
(108, 22, 'spineRef22_3', 'Let your light shine before others, that they may see your good deeds.', 3, 'Matthew 18:20 - Gathering in God''s name'),
(109, 22, 'spineRef22_4', 'For where two or three gather in my name, there am I with them.', 4, 'Matthew 5:16 - Being a light to others'),
(110, 22, 'spineRef22_5', 'Let your light shine before others, that they may see your good deeds.', 5, 'Psalm 23:1 - The Lord as a shepherd'),
(111, 23, 'spineRef23_1', 'I can do all things through Christ who strengthens me.', 1, 'Genesis 1:1 - Creation of the world'),
(112, 23, 'spineRef23_2', 'For where two or three gather in my name, there am I with them.', 2, 'Mark 12:31 - Love for neighbors'),
(113, 23, 'spineRef23_3', 'For God so loved the world that He gave His only Son.', 3, 'Matthew 18:20 - Gathering in God''s name'),
(114, 23, 'spineRef23_4', 'For where two or three gather in my name, there am I with them.', 4, 'Joshua 1:9 - Encouragement and courage'),
(115, 23, 'spineRef23_5', 'Faith is the assurance of things hoped for, the conviction of things not seen.', 5, 'Philippians 4:13 - Strength in Christ'),
(116, 24, 'spineRef24_1', 'Be strong and courageous. Do not be afraid or discouraged.', 1, 'Psalm 23:1 - The Lord as a shepherd'),
(117, 24, 'spineRef24_2', 'In the beginning God created the heavens and the earth.', 2, 'Matthew 18:20 - Gathering in God''s name'),
(118, 24, 'spineRef24_3', 'Love your neighbor as yourself.', 3, 'John 3:16 - The love of God'),
(119, 24, 'spineRef24_4', 'I can do all things through Christ who strengthens me.', 4, 'John 3:16 - The love of God'),
(120, 24, 'spineRef24_5', 'Trust in the Lord with all your heart and lean not on your own understanding.', 5, 'Psalm 23:1 - The Lord as a shepherd'),
(121, 25, 'spineRef25_1', 'Trust in the Lord with all your heart and lean not on your own understanding.', 1, 'Proverbs 3:5 - Trusting in the Lord'),
(122, 25, 'spineRef25_2', 'For where two or three gather in my name, there am I with them.', 2, 'Psalm 23:1 - The Lord as a shepherd'),
(123, 25, 'spineRef25_3', 'I can do all things through Christ who strengthens me.', 3, 'Proverbs 3:5 - Trusting in the Lord'),
(124, 25, 'spineRef25_4', 'Faith is the assurance of things hoped for, the conviction of things not seen.', 4, 'Mark 12:31 - Love for neighbors'),
(125, 25, 'spineRef25_5', 'Trust in the Lord with all your heart and lean not on your own understanding.', 5, 'Joshua 1:9 - Encouragement and courage'),
(126, 26, 'spineRef26_1', 'Trust in the Lord with all your heart and lean not on your own understanding.', 1, 'Proverbs 3:5 - Trusting in the Lord'),
(127, 26, 'spineRef26_2', 'Trust in the Lord with all your heart and lean not on your own understanding.', 2, 'Mark 12:31 - Love for neighbors'),
(128, 26, 'spineRef26_3', 'For God so loved the world that He gave His only Son.', 3, 'Psalm 23:1 - The Lord as a shepherd'),
(129, 26, 'spineRef26_4', 'Be strong and courageous. Do not be afraid or discouraged.', 4, 'Hebrews 11:1 - Definition of faith'),
(130, 26, 'spineRef26_5', 'The Lord is my shepherd; I shall not want.', 5, 'Joshua 1:9 - Encouragement and courage'),
(131, 27, 'spineRef27_1', 'Faith is the assurance of things hoped for, the conviction of things not seen.', 1, 'Philippians 4:13 - Strength in Christ'),
(132, 27, 'spineRef27_2', 'Let your light shine before others, that they may see your good deeds.', 2, 'Psalm 23:1 - The Lord as a shepherd'),
(133, 27, 'spineRef27_3', 'Let your light shine before others, that they may see your good deeds.', 3, 'Matthew 5:16 - Being a light to others'),
(134, 27, 'spineRef27_4', 'Love your neighbor as yourself.', 4, 'Matthew 18:20 - Gathering in God''s name'),
(135, 27, 'spineRef27_5', 'The Lord is my shepherd; I shall not want.', 5, 'Proverbs 3:5 - Trusting in the Lord'),
(136, 28, 'spineRef28_1', 'Faith is the assurance of things hoped for, the conviction of things not seen.', 1, 'Proverbs 3:5 - Trusting in the Lord'),
(137, 28, 'spineRef28_2', 'Love your neighbor as yourself.', 2, 'Joshua 1:9 - Encouragement and courage'),
(138, 28, 'spineRef28_3', 'Let your light shine before others, that they may see your good deeds.', 3, 'Mark 12:31 - Love for neighbors'),
(139, 28, 'spineRef28_4', 'Trust in the Lord with all your heart and lean not on your own understanding.', 4, 'Genesis 1:1 - Creation of the world'),
(140, 28, 'spineRef28_5', 'I can do all things through Christ who strengthens me.', 5, 'Matthew 5:16 - Being a light to others'),
(141, 29, 'spineRef29_1', 'I can do all things through Christ who strengthens me.', 1, 'Psalm 23:1 - The Lord as a shepherd'),
(142, 29, 'spineRef29_2', 'For God so loved the world that He gave His only Son.', 2, 'Matthew 5:16 - Being a light to others'),
(143, 29, 'spineRef29_3', 'I can do all things through Christ who strengthens me.', 3, 'Mark 12:31 - Love for neighbors'),
(144, 29, 'spineRef29_4', 'In the beginning God created the heavens and the earth.', 4, 'Genesis 1:1 - Creation of the world'),
(145, 29, 'spineRef29_5', 'Let your light shine before others, that they may see your good deeds.', 5, 'Psalm 23:1 - The Lord as a shepherd'),
(146, 30, 'spineRef30_1', 'Love your neighbor as yourself.', 1, 'Hebrews 11:1 - Definition of faith'),
(147, 30, 'spineRef30_2', 'Love your neighbor as yourself.', 2, 'Hebrews 11:1 - Definition of faith'),
(148, 30, 'spineRef30_3', 'Faith is the assurance of things hoped for, the conviction of things not seen.', 3, 'Mark 12:31 - Love for neighbors'),
(149, 30, 'spineRef30_4', 'Faith is the assurance of things hoped for, the conviction of things not seen.', 4, 'John 3:16 - The love of God'),
(150, 30, 'spineRef30_5', 'Let your light shine before others, that they may see your good deeds.', 5, 'Matthew 18:20 - Gathering in God''s name'),
(151, 31, 'spineRef31_1', 'Trust in the Lord with all your heart and lean not on your own understanding.', 1, 'Matthew 5:16 - Being a light to others'),
(152, 31, 'spineRef31_2', 'In the beginning God created the heavens and the earth.', 2, 'Psalm 23:1 - The Lord as a shepherd'),
(153, 31, 'spineRef31_3', 'I can do all things through Christ who strengthens me.', 3, 'Genesis 1:1 - Creation of the world'),
(154, 31, 'spineRef31_4', 'Be strong and courageous. Do not be afraid or discouraged.', 4, 'Hebrews 11:1 - Definition of faith'),
(155, 31, 'spineRef31_5', 'Be strong and courageous. Do not be afraid or discouraged.', 5, 'Matthew 5:16 - Being a light to others'),
(156, 32, 'spineRef32_1', 'For where two or three gather in my name, there am I with them.', 1, 'Mark 12:31 - Love for neighbors'),
(157, 32, 'spineRef32_2', 'For God so loved the world that He gave His only Son.', 2, 'Matthew 18:20 - Gathering in God''s name'),
(158, 32, 'spineRef32_3', 'Faith is the assurance of things hoped for, the conviction of things not seen.', 3, 'Mark 12:31 - Love for neighbors'),
(159, 32, 'spineRef32_4', 'I can do all things through Christ who strengthens me.', 4, 'Psalm 23:1 - The Lord as a shepherd'),
(160, 32, 'spineRef32_5', 'In the beginning God created the heavens and the earth.', 5, 'Matthew 18:20 - Gathering in God''s name'),
(161, 33, 'spineRef33_1', 'Faith is the assurance of things hoped for, the conviction of things not seen.', 1, 'Psalm 23:1 - The Lord as a shepherd'),
(162, 33, 'spineRef33_2', 'In the beginning God created the heavens and the earth.', 2, 'Matthew 18:20 - Gathering in God''s name'),
(163, 33, 'spineRef33_3', 'The Lord is my shepherd; I shall not want.', 3, 'Matthew 18:20 - Gathering in God''s name'),
(164, 33, 'spineRef33_4', 'Love your neighbor as yourself.', 4, 'Genesis 1:1 - Creation of the world'),
(165, 33, 'spineRef33_5', 'Faith is the assurance of things hoped for, the conviction of things not seen.', 5, 'Hebrews 11:1 - Definition of faith'),
(166, 34, 'spineRef34_1', 'I can do all things through Christ who strengthens me.', 1, 'Mark 12:31 - Love for neighbors'),
(167, 34, 'spineRef34_2', 'In the beginning God created the heavens and the earth.', 2, 'Psalm 23:1 - The Lord as a shepherd'),
(168, 34, 'spineRef34_3', 'For where two or three gather in my name, there am I with them.', 3, 'Matthew 18:20 - Gathering in God''s name'),
(169, 34, 'spineRef34_4', 'Trust in the Lord with all your heart and lean not on your own understanding.', 4, 'Hebrews 11:1 - Definition of faith'),
(170, 34, 'spineRef34_5', 'For God so loved the world that He gave His only Son.', 5, 'Matthew 18:20 - Gathering in God''s name'),
(171, 35, 'spineRef35_1', 'Faith is the assurance of things hoped for, the conviction of things not seen.', 1, 'Genesis 1:1 - Creation of the world'),
(172, 35, 'spineRef35_2', 'For where two or three gather in my name, there am I with them.', 2, 'Psalm 23:1 - The Lord as a shepherd'),
(173, 35, 'spineRef35_3', 'I can do all things through Christ who strengthens me.', 3, 'Proverbs 3:5 - Trusting in the Lord'),
(174, 35, 'spineRef35_4', 'Trust in the Lord with all your heart and lean not on your own understanding.', 4, 'John 3:16 - The love of God'),
(175, 35, 'spineRef35_5', 'Trust in the Lord with all your heart and lean not on your own understanding.', 5, 'Hebrews 11:1 - Definition of faith'),
(176, 36, 'spineRef36_1', 'Faith is the assurance of things hoped for, the conviction of things not seen.', 1, 'Mark 12:31 - Love for neighbors'),
(177, 36, 'spineRef36_2', 'Trust in the Lord with all your heart and lean not on your own understanding.', 2, 'Philippians 4:13 - Strength in Christ'),
(178, 36, 'spineRef36_3', 'Let your light shine before others, that they may see your good deeds.', 3, 'John 3:16 - The love of God'),
(179, 36, 'spineRef36_4', 'Faith is the assurance of things hoped for, the conviction of things not seen.', 4, 'Philippians 4:13 - Strength in Christ'),
(180, 36, 'spineRef36_5', 'In the beginning God created the heavens and the earth.', 5, 'Philippians 4:13 - Strength in Christ'),
(181, 37, 'spineRef37_1', 'The Lord is my shepherd; I shall not want.', 1, 'John 3:16 - The love of God'),
(182, 37, 'spineRef37_2', 'I can do all things through Christ who strengthens me.', 2, 'Matthew 18:20 - Gathering in God''s name'),
(183, 37, 'spineRef37_3', 'I can do all things through Christ who strengthens me.', 3, 'Hebrews 11:1 - Definition of faith'),
(184, 37, 'spineRef37_4', 'For where two or three gather in my name, there am I with them.', 4, 'Genesis 1:1 - Creation of the world'),
(185, 37, 'spineRef37_5', 'Faith is the assurance of things hoped for, the conviction of things not seen.', 5, 'Hebrews 11:1 - Definition of faith'),
(186, 38, 'spineRef38_1', 'In the beginning God created the heavens and the earth.', 1, 'Proverbs 3:5 - Trusting in the Lord'),
(187, 38, 'spineRef38_2', 'Let your light shine before others, that they may see your good deeds.', 2, 'Joshua 1:9 - Encouragement and courage'),
(188, 38, 'spineRef38_3', 'The Lord is my shepherd; I shall not want.', 3, 'Joshua 1:9 - Encouragement and courage'),
(189, 38, 'spineRef38_4', 'For where two or three gather in my name, there am I with them.', 4, 'Mark 12:31 - Love for neighbors'),
(190, 38, 'spineRef38_5', 'Be strong and courageous. Do not be afraid or discouraged.', 5, 'Hebrews 11:1 - Definition of faith'),
(191, 39, 'spineRef39_1', 'The Lord is my shepherd; I shall not want.', 1, 'Psalm 23:1 - The Lord as a shepherd'),
(192, 39, 'spineRef39_2', 'Let your light shine before others, that they may see your good deeds.', 2, 'Genesis 1:1 - Creation of the world'),
(193, 39, 'spineRef39_3', 'I can do all things through Christ who strengthens me.', 3, 'John 3:16 - The love of God'),
(194, 39, 'spineRef39_4', 'The Lord is my shepherd; I shall not want.', 4, 'Mark 12:31 - Love for neighbors'),
(195, 39, 'spineRef39_5', 'Faith is the assurance of things hoped for, the conviction of things not seen.', 5, 'Psalm 23:1 - The Lord as a shepherd'),
(196, 40, 'spineRef40_1', 'Trust in the Lord with all your heart and lean not on your own understanding.', 1, 'Genesis 1:1 - Creation of the world'),
(197, 40, 'spineRef40_2', 'Trust in the Lord with all your heart and lean not on your own understanding.', 2, 'Proverbs 3:5 - Trusting in the Lord'),
(198, 40, 'spineRef40_3', 'Let your light shine before others, that they may see your good deeds.', 3, 'Genesis 1:1 - Creation of the world'),
(199, 40, 'spineRef40_4', 'Love your neighbor as yourself.', 4, 'Mark 12:31 - Love for neighbors'),
(200, 40, 'spineRef40_5', 'Be strong and courageous. Do not be afraid or discouraged.', 5, 'Matthew 18:20 - Gathering in God''s name'),
(201, 41, 'spineRef41_1', 'I can do all things through Christ who strengthens me.', 1, 'Mark 12:31 - Love for neighbors'),
(202, 41, 'spineRef41_2', 'Trust in the Lord with all your heart and lean not on your own understanding.', 2, 'Genesis 1:1 - Creation of the world'),
(203, 41, 'spineRef41_3', 'Trust in the Lord with all your heart and lean not on your own understanding.', 3, 'Joshua 1:9 - Encouragement and courage'),
(204, 41, 'spineRef41_4', 'In the beginning God created the heavens and the earth.', 4, 'Mark 12:31 - Love for neighbors'),
(205, 41, 'spineRef41_5', 'I can do all things through Christ who strengthens me.', 5, 'Psalm 23:1 - The Lord as a shepherd'),
(206, 42, 'spineRef42_1', 'I can do all things through Christ who strengthens me.', 1, 'Hebrews 11:1 - Definition of faith'),
(207, 42, 'spineRef42_2', 'The Lord is my shepherd; I shall not want.', 2, 'Matthew 18:20 - Gathering in God''s name'),
(208, 42, 'spineRef42_3', 'In the beginning God created the heavens and the earth.', 3, 'Philippians 4:13 - Strength in Christ'),
(209, 42, 'spineRef42_4', 'I can do all things through Christ who strengthens me.', 4, 'Joshua 1:9 - Encouragement and courage'),
(210, 42, 'spineRef42_5', 'The Lord is my shepherd; I shall not want.', 5, 'Joshua 1:9 - Encouragement and courage'),
(211, 43, 'spineRef43_1', 'The Lord is my shepherd; I shall not want.', 1, 'Proverbs 3:5 - Trusting in the Lord'),
(212, 43, 'spineRef43_2', 'I can do all things through Christ who strengthens me.', 2, 'John 3:16 - The love of God'),
(213, 43, 'spineRef43_3', 'Be strong and courageous. Do not be afraid or discouraged.', 3, 'Matthew 18:20 - Gathering in God''s name'),
(214, 43, 'spineRef43_4', 'For God so loved the world that He gave His only Son.', 4, 'John 3:16 - The love of God'),
(215, 43, 'spineRef43_5', 'I can do all things through Christ who strengthens me.', 5, 'Mark 12:31 - Love for neighbors'),
(216, 44, 'spineRef44_1', 'In the beginning God created the heavens and the earth.', 1, 'Matthew 18:20 - Gathering in God''s name'),
(217, 44, 'spineRef44_2', 'For where two or three gather in my name, there am I with them.', 2, 'Philippians 4:13 - Strength in Christ'),
(218, 44, 'spineRef44_3', 'Trust in the Lord with all your heart and lean not on your own understanding.', 3, 'Hebrews 11:1 - Definition of faith'),
(219, 44, 'spineRef44_4', 'I can do all things through Christ who strengthens me.', 4, 'Philippians 4:13 - Strength in Christ'),
(220, 44, 'spineRef44_5', 'In the beginning God created the heavens and the earth.', 5, 'Matthew 18:20 - Gathering in God''s name'),
(221, 45, 'spineRef45_1', 'In the beginning God created the heavens and the earth.', 1, 'Genesis 1:1 - Creation of the world'),
(222, 45, 'spineRef45_2', 'Love your neighbor as yourself.', 2, 'Joshua 1:9 - Encouragement and courage'),
(223, 45, 'spineRef45_3', 'Let your light shine before others, that they may see your good deeds.', 3, 'John 3:16 - The love of God'),
(224, 45, 'spineRef45_4', 'The Lord is my shepherd; I shall not want.', 4, 'Genesis 1:1 - Creation of the world'),
(225, 45, 'spineRef45_5', 'For God so loved the world that He gave His only Son.', 5, 'John 3:16 - The love of God'),
(226, 46, 'spineRef46_1', 'Let your light shine before others, that they may see your good deeds.', 1, 'Philippians 4:13 - Strength in Christ'),
(227, 46, 'spineRef46_2', 'Love your neighbor as yourself.', 2, 'Mark 12:31 - Love for neighbors'),
(228, 46, 'spineRef46_3', 'Trust in the Lord with all your heart and lean not on your own understanding.', 3, 'Matthew 18:20 - Gathering in God''s name'),
(229, 46, 'spineRef46_4', 'The Lord is my shepherd; I shall not want.', 4, 'Philippians 4:13 - Strength in Christ'),
(230, 46, 'spineRef46_5', 'Let your light shine before others, that they may see your good deeds.', 5, 'Hebrews 11:1 - Definition of faith'),
(231, 47, 'spineRef47_1', 'Love your neighbor as yourself.', 1, 'John 3:16 - The love of God'),
(232, 47, 'spineRef47_2', 'I can do all things through Christ who strengthens me.', 2, 'Hebrews 11:1 - Definition of faith'),
(233, 47, 'spineRef47_3', 'Love your neighbor as yourself.', 3, 'Matthew 5:16 - Being a light to others'),
(234, 47, 'spineRef47_4', 'For God so loved the world that He gave His only Son.', 4, 'Genesis 1:1 - Creation of the world'),
(235, 47, 'spineRef47_5', 'Let your light shine before others, that they may see your good deeds.', 5, 'Mark 12:31 - Love for neighbors'),
(236, 48, 'spineRef48_1', 'For God so loved the world that He gave His only Son.', 1, 'Hebrews 11:1 - Definition of faith'),
(237, 48, 'spineRef48_2', 'Faith is the assurance of things hoped for, the conviction of things not seen.', 2, 'Genesis 1:1 - Creation of the world'),
(238, 48, 'spineRef48_3', 'For where two or three gather in my name, there am I with them.', 3, 'Matthew 5:16 - Being a light to others'),
(239, 48, 'spineRef48_4', 'I can do all things through Christ who strengthens me.', 4, 'Genesis 1:1 - Creation of the world'),
(240, 48, 'spineRef48_5', 'Love your neighbor as yourself.', 5, 'John 3:16 - The love of God'),
(241, 49, 'spineRef49_1', 'Let your light shine before others, that they may see your good deeds.', 1, 'John 3:16 - The love of God'),
(242, 49, 'spineRef49_2', 'The Lord is my shepherd; I shall not want.', 2, 'John 3:16 - The love of God'),
(243, 49, 'spineRef49_3', 'The Lord is my shepherd; I shall not want.', 3, 'Psalm 23:1 - The Lord as a shepherd'),
(244, 49, 'spineRef49_4', 'Be strong and courageous. Do not be afraid or discouraged.', 4, 'Matthew 5:16 - Being a light to others'),
(245, 49, 'spineRef49_5', 'I can do all things through Christ who strengthens me.', 5, 'Psalm 23:1 - The Lord as a shepherd'),
(246, 50, 'spineRef50_1', 'In the beginning God created the heavens and the earth.', 1, 'Psalm 23:1 - The Lord as a shepherd'),
(247, 50, 'spineRef50_2', 'I can do all things through Christ who strengthens me.', 2, 'Matthew 18:20 - Gathering in God''s name'),
(248, 50, 'spineRef50_3', 'Let your light shine before others, that they may see your good deeds.', 3, 'Matthew 18:20 - Gathering in God''s name'),
(249, 50, 'spineRef50_4', 'Trust in the Lord with all your heart and lean not on your own understanding.', 4, 'Matthew 18:20 - Gathering in God''s name'),
(250, 50, 'spineRef50_5', 'Love your neighbor as yourself.', 5, 'Matthew 18:20 - Gathering in God''s name');

INSERT INTO book_textnode_index_term (book_id, term, count) VALUES
(1, 'resurrection', 75),
(1, 'mercy', 2),
(1, 'worship', 91),
(1, 'Bible', 32),
(1, 'church', 89),
(1, 'fellowship', 13),
(1, 'glory', 45),
(1, 'forgiveness', 35),
(1, 'truth', 33),
(2, 'mercy', 9),
(2, 'resurrection', 16),
(2, 'glory', 57),
(2, 'grace', 84),
(2, 'salvation', 5),
(2, 'truth', 90),
(2, 'fellowship', 61),
(2, 'repentance', 25),
(2, 'hope', 18),
(2, 'discipleship', 2),
(3, 'prayer', 67),
(3, 'worship', 82),
(3, 'church', 61),
(3, 'Jesus', 55),
(3, 'repentance', 23),
(3, 'resurrection', 24),
(4, 'Bible', 42),
(4, 'worship', 90),
(4, 'Jesus', 84),
(4, 'Holy Spirit', 21),
(4, 'salvation', 69),
(4, 'resurrection', 61),
(4, 'church', 45),
(4, 'hope', 69),
(4, 'love', 51),
(4, 'discipleship', 32),
(5, 'faith', 50),
(5, 'resurrection', 61),
(5, 'forgiveness', 75),
(5, 'hope', 51),
(5, 'discipleship', 41),
(5, 'Jesus', 93),
(5, 'salvation', 24),
(5, 'gospel', 64),
(6, 'faith', 34),
(6, 'church', 28),
(6, 'mercy', 82),
(6, 'love', 92),
(6, 'grace', 70),
(6, 'fellowship', 83),
(6, 'worship', 4),
(6, 'truth', 39),
(6, 'Holy Spirit', 75),
(6, 'Bible', 57),
(7, 'forgiveness', 56),
(7, 'fellowship', 18),
(7, 'mercy', 12),
(7, 'resurrection', 13),
(7, 'hope', 100),
(7, 'Holy Spirit', 47),
(7, 'gospel', 70),
(7, 'Bible', 84),
(7, 'glory', 15),
(8, 'mercy', 59),
(8, 'gospel', 20),
(8, 'truth', 19),
(8, 'salvation', 54),
(8, 'forgiveness', 30),
(8, 'Holy Spirit', 64),
(8, 'Jesus', 99),
(9, 'grace', 51),
(9, 'Jesus', 36),
(9, 'Holy Spirit', 65),
(9, 'Bible', 38),
(9, 'faith', 54),
(10, 'love', 82),
(10, 'hope', 67),
(10, 'repentance', 12),
(10, 'gospel', 25),
(10, 'mercy', 73),
(10, 'Holy Spirit', 52),
(10, 'salvation', 91),
(10, 'glory', 13),
(10, 'church', 6),
(10, 'discipleship', 62),
(11, 'hope', 77),
(11, 'truth', 69),
(11, 'church', 69),
(11, 'glory', 57),
(11, 'Holy Spirit', 14),
(11, 'salvation', 13),
(11, 'Bible', 38),
(11, 'faith', 70),
(11, 'forgiveness', 82),
(12, 'church', 53),
(12, 'gospel', 68),
(12, 'faith', 63),
(12, 'worship', 51),
(12, 'discipleship', 8),
(12, 'truth', 53),
(12, 'Bible', 96),
(13, 'Jesus', 16),
(13, 'forgiveness', 99),
(13, 'faith', 31),
(13, 'Bible', 99),
(13, 'church', 25),
(13, 'worship', 15),
(13, 'mercy', 36),
(14, 'faith', 58),
(14, 'prayer', 78),
(14, 'glory', 5),
(14, 'repentance', 66),
(14, 'salvation', 92),
(14, 'love', 77),
(14, 'church', 57),
(14, 'grace', 90),
(14, 'Jesus', 49),
(14, 'Bible', 39),
(15, 'worship', 72),
(15, 'prayer', 4),
(15, 'discipleship', 44),
(15, 'resurrection', 4),
(15, 'Bible', 40),
(15, 'gospel', 65),
(15, 'Jesus', 97),
(15, 'fellowship', 40),
(15, 'forgiveness', 94),
(15, 'Holy Spirit', 10),
(16, 'faith', 23),
(16, 'mercy', 16),
(16, 'grace', 92),
(16, 'worship', 14),
(16, 'glory', 37),
(16, 'discipleship', 94),
(16, 'forgiveness', 93),
(16, 'resurrection', 57),
(17, 'love', 76),
(17, 'church', 61),
(17, 'gospel', 3),
(17, 'hope', 68),
(17, 'resurrection', 70),
(18, 'discipleship', 39),
(18, 'prayer', 27),
(18, 'grace', 28),
(18, 'Bible', 8),
(18, 'mercy', 93),
(18, 'Holy Spirit', 60),
(18, 'repentance', 16),
(18, 'salvation', 98),
(19, 'Holy Spirit', 3),
(19, 'mercy', 93),
(19, 'Bible', 14),
(19, 'salvation', 22),
(19, 'glory', 82),
(19, 'fellowship', 13),
(20, 'gospel', 51),
(20, 'discipleship', 84),
(20, 'faith', 39),
(20, 'prayer', 10),
(20, 'salvation', 41),
(20, 'truth', 67),
(20, 'fellowship', 28),
(20, 'Jesus', 40),
(21, 'forgiveness', 15),
(21, 'repentance', 23),
(21, 'prayer', 56),
(21, 'worship', 70),
(21, 'love', 70),
(21, 'glory', 74),
(22, 'forgiveness', 25),
(22, 'truth', 19),
(22, 'salvation', 94),
(22, 'church', 25),
(22, 'Holy Spirit', 66),
(22, 'gospel', 94),
(22, 'worship', 31),
(23, 'fellowship', 89),
(23, 'grace', 3),
(23, 'faith', 60),
(23, 'Jesus', 92),
(23, 'hope', 46),
(23, 'Bible', 24),
(24, 'resurrection', 64),
(24, 'prayer', 15),
(24, 'love', 59),
(24, 'repentance', 18),
(24, 'church', 97),
(24, 'truth', 40),
(25, 'Bible', 20),
(25, 'grace', 80),
(25, 'discipleship', 9),
(25, 'faith', 47),
(25, 'forgiveness', 23),
(25, 'mercy', 89),
(26, 'Holy Spirit', 45),
(26, 'faith', 12),
(26, 'mercy', 64),
(26, 'resurrection', 71),
(26, 'fellowship', 5),
(26, 'worship', 23),
(26, 'repentance', 8),
(27, 'Bible', 47),
(27, 'repentance', 94),
(27, 'salvation', 54),
(27, 'worship', 92),
(27, 'love', 73),
(28, 'repentance', 83),
(28, 'truth', 32),
(28, 'resurrection', 54),
(28, 'salvation', 78),
(28, 'gospel', 50),
(28, 'mercy', 84),
(29, 'repentance', 75),
(29, 'glory', 46),
(29, 'faith', 100),
(29, 'love', 67),
(29, 'salvation', 57),
(29, 'church', 58),
(29, 'mercy', 56),
(29, 'Holy Spirit', 59),
(30, 'resurrection', 95),
(30, 'faith', 83),
(30, 'fellowship', 46),
(30, 'repentance', 5),
(30, 'salvation', 24),
(30, 'Jesus', 80),
(30, 'prayer', 21),
(30, 'Holy Spirit', 27),
(31, 'repentance', 71),
(31, 'gospel', 22),
(31, 'forgiveness', 94),
(31, 'mercy', 90),
(31, 'truth', 65),
(31, 'Jesus', 35),
(32, 'forgiveness', 49),
(32, 'truth', 92),
(32, 'love', 98),
(32, 'mercy', 100),
(32, 'Holy Spirit', 34),
(32, 'repentance', 54),
(33, 'prayer', 94),
(33, 'forgiveness', 42),
(33, 'discipleship', 55),
(33, 'Bible', 5),
(33, 'truth', 46),
(33, 'mercy', 30),
(34, 'Holy Spirit', 59),
(34, 'forgiveness', 60),
(34, 'glory', 23),
(34, 'grace', 13),
(34, 'Bible', 20),
(35, 'glory', 9),
(35, 'Bible', 73),
(35, 'prayer', 6),
(35, 'discipleship', 47),
(35, 'fellowship', 40),
(35, 'worship', 35),
(36, 'hope', 15),
(36, 'Jesus', 41),
(36, 'faith', 80),
(36, 'truth', 90),
(36, 'glory', 92),
(36, 'gospel', 100),
(36, 'mercy', 54),
(36, 'forgiveness', 34),
(36, 'salvation', 85),
(36, 'Holy Spirit', 93),
(37, 'church', 21),
(37, 'fellowship', 3),
(37, 'hope', 33),
(37, 'forgiveness', 21),
(37, 'discipleship', 2),
(37, 'faith', 79),
(38, 'worship', 34),
(38, 'church', 65),
(38, 'resurrection', 98),
(38, 'discipleship', 28),
(38, 'repentance', 4),
(38, 'Holy Spirit', 74),
(38, 'glory', 51),
(38, 'forgiveness', 17),
(38, 'Bible', 78),
(39, 'Jesus', 76),
(39, 'mercy', 38),
(39, 'Holy Spirit', 53),
(39, 'discipleship', 87),
(39, 'truth', 10),
(39, 'faith', 77),
(40, 'prayer', 8),
(40, 'love', 20),
(40, 'grace', 13),
(40, 'discipleship', 12),
(40, 'forgiveness', 66),
(40, 'Jesus', 9),
(40, 'hope', 38),
(40, 'truth', 37),
(40, 'Holy Spirit', 76),
(40, 'salvation', 58),
(41, 'gospel', 25),
(41, 'church', 10),
(41, 'salvation', 100),
(41, 'Bible', 43),
(41, 'glory', 40),
(42, 'church', 25),
(42, 'Bible', 90),
(42, 'grace', 81),
(42, 'fellowship', 60),
(42, 'worship', 22),
(42, 'Jesus', 33),
(42, 'faith', 86),
(42, 'hope', 17),
(42, 'glory', 86),
(42, 'repentance', 71),
(43, 'fellowship', 18),
(43, 'prayer', 93),
(43, 'Jesus', 86),
(43, 'love', 13),
(43, 'mercy', 69),
(43, 'faith', 46),
(43, 'glory', 59),
(43, 'repentance', 94),
(44, 'discipleship', 54),
(44, 'love', 60),
(44, 'forgiveness', 13),
(44, 'mercy', 70),
(44, 'prayer', 1),
(44, 'truth', 43),
(44, 'gospel', 2),
(44, 'Holy Spirit', 27),
(45, 'church', 28),
(45, 'mercy', 6),
(45, 'gospel', 17),
(45, 'love', 33),
(45, 'prayer', 39),
(45, 'fellowship', 87),
(46, 'Holy Spirit', 11),
(46, 'mercy', 50),
(46, 'love', 94),
(46, 'resurrection', 63),
(46, 'Bible', 96),
(46, 'church', 84),
(47, 'discipleship', 97),
(47, 'faith', 33),
(47, 'Jesus', 75),
(47, 'mercy', 94),
(47, 'gospel', 73),
(47, 'truth', 81),
(47, 'grace', 42),
(47, 'fellowship', 61),
(48, 'repentance', 17),
(48, 'grace', 26),
(48, 'gospel', 99),
(48, 'love', 11),
(48, 'glory', 15),
(48, 'fellowship', 25),
(48, 'salvation', 96),
(49, 'discipleship', 16),
(49, 'Jesus', 68),
(49, 'resurrection', 49),
(49, 'repentance', 100),
(49, 'salvation', 54),
(49, 'fellowship', 45),
(49, 'gospel', 41),
(49, 'grace', 33),
(49, 'hope', 47),
(49, 'truth', 19),
(50, 'faith', 88),
(50, 'truth', 21),
(50, 'hope', 91),
(50, 'resurrection', 65),
(50, 'salvation', 9),
(50, 'forgiveness', 87);

INSERT INTO classroom (uid, idp_id, book_id, name, access_code, instructor_access_code, syllabus, introduction, lti_configurations, classroom_highlights_mode, closes_at, draftData, created_at, published_at, updated_at, deleted_at, based_off_classroom_uid) VALUES
('cbeb0606-8d5d-4ddc-a158-63a13d983292', 8, 1, 'Classroom 1', 'AC0001', 'INAC0001', NULL, NULL, NULL, 'GROUP', NULL, NULL, '2024-05-08 15:39:46.793', '2024-07-12 15:39:46.793', '2024-11-08 15:39:46.793', NULL, NULL),
('9b1107aa-e12a-4c53-84de-76a3503f5497', 5, 2, 'Classroom 2', 'AC0002', 'INAC0002', NULL, NULL, NULL, 'OFF', NULL, NULL, '2024-07-10 15:39:46.793', '2024-12-28 15:39:46.793', '2024-12-25 15:39:46.793', NULL, NULL),
('40f1717d-40b1-4ec9-8fd1-59b8ac7c0d89', 1, 3, 'Classroom 3', 'AC0003', 'INAC0003', NULL, NULL, NULL, 'OFF', '2025-12-10 15:39:46.793', NULL, '2024-11-11 15:39:46.793', '2024-05-16 15:39:46.793', '2024-09-24 15:39:46.793', NULL, NULL),
('0899bd2f-4f23-4248-a5a4-aa4bb853e0ba', 8, 4, 'Classroom 4', 'AC0004', 'INAC0004', NULL, NULL, NULL, 'CLASSROOM', NULL, NULL, '2024-05-06 15:39:46.793', NULL, '2024-10-23 15:39:46.793', '2024-12-30 15:39:46.793', NULL),
('a413bd53-dc55-48bd-b5ea-a72856d16278', 16, 5, 'Classroom 5', 'AC0005', 'INAC0005', NULL, NULL, NULL, 'CLASSROOM', NULL, NULL, '2024-03-27 15:39:46.793', NULL, '2025-02-03 15:39:46.793', '2025-01-15 15:39:46.793', NULL),
('03b5e0f9-b669-4e6f-ac08-95d057606a05', 14, 6, 'Classroom 6', 'AC0006', 'INAC0006', NULL, NULL, NULL, 'CLASSROOM', '2026-01-14 15:39:46.793', NULL, '2024-12-06 15:39:46.793', NULL, '2025-01-08 15:39:46.793', '2024-11-29 15:39:46.793', NULL),
('a62855ee-ef4f-4bcd-8770-199eec454a5c', 4, 7, 'Classroom 7', 'AC0007', 'INAC0007', NULL, NULL, NULL, 'CLASSROOM', NULL, NULL, '2025-02-13 15:39:46.793', NULL, '2024-12-20 15:39:46.793', '2025-01-16 15:39:46.793', NULL),
('2bd61544-cc53-4c2e-8fb5-6ca826b50106', 1, 8, 'Classroom 8', 'AC0008', 'INAC0008', NULL, NULL, NULL, 'CLASSROOM', NULL, NULL, '2024-04-20 15:39:46.793', NULL, '2024-10-20 15:39:46.793', NULL, NULL),
('cf0399e7-ec41-4a99-9ca3-f9f36d4dd74a', 19, 9, 'Classroom 9', 'AC0009', 'INAC0009', NULL, NULL, NULL, 'CLASSROOM', '2025-07-28 15:39:46.793', NULL, '2024-10-11 15:39:46.793', '2024-11-28 15:39:46.793', '2024-09-03 15:39:46.793', '2024-11-25 15:39:46.793', NULL),
('f0a04058-93bb-48a0-8270-39bf7400c530', 20, 10, 'Classroom 10', 'AC0010', 'INAC0010', NULL, NULL, NULL, 'CLASSROOM', NULL, NULL, '2024-06-10 15:39:46.793', '2024-12-07 15:39:46.793', '2025-02-21 15:39:46.793', '2025-01-15 15:39:46.793', NULL),
('3ca4bce1-ba96-4ff1-9e05-db1df9840694', 13, 11, 'Classroom 11', 'AC0011', 'INAC0011', NULL, NULL, NULL, 'CLASSROOM', '2025-09-06 15:39:46.793', NULL, '2024-12-24 15:39:46.793', '2024-09-12 15:39:46.793', '2024-09-17 15:39:46.793', '2024-12-10 15:39:46.793', NULL),
('a2607dbf-d7e7-4288-a2e9-c923d96a9c5c', 13, 12, 'Classroom 12', 'AC0012', 'INAC0012', NULL, NULL, NULL, 'OFF', NULL, NULL, '2024-11-09 15:39:46.793', '2024-07-30 15:39:46.793', '2024-10-23 15:39:46.793', '2025-02-08 15:39:46.793', NULL),
('b2ad034f-6a7b-46ed-a4b2-213c0b6a1db2', 1, 13, 'Classroom 13', 'AC0013', 'INAC0013', NULL, NULL, NULL, 'CLASSROOM', NULL, NULL, '2024-08-06 15:39:46.793', '2024-09-27 15:39:46.793', '2024-10-18 15:39:46.793', '2024-11-29 15:39:46.793', NULL),
('636ab7eb-3b3e-4059-ab69-58c84e703f0b', 11, 14, 'Classroom 14', 'AC0014', 'INAC0014', NULL, NULL, NULL, 'OFF', '2026-01-30 15:39:46.793', NULL, '2024-11-14 15:39:46.793', NULL, '2024-10-07 15:39:46.793', NULL, NULL),
('87bf8458-75a5-4727-bf15-e9ba4d2e48b6', 2, 15, 'Classroom 15', 'AC0015', 'INAC0015', NULL, NULL, NULL, 'OFF', '2025-05-17 15:39:46.793', NULL, '2024-11-30 15:39:46.793', NULL, '2024-11-28 15:39:46.793', '2025-02-06 15:39:46.793', NULL),
('e1a678f3-365e-4b62-bf32-dd46abdd5889', 13, 16, 'Classroom 16', 'AC0016', 'INAC0016', NULL, NULL, NULL, 'CLASSROOM', '2025-05-28 15:39:46.793', NULL, '2024-03-26 15:39:46.793', '2024-09-09 15:39:46.793', '2025-01-12 15:39:46.793', '2024-12-25 15:39:46.793', NULL),
('3912a6d2-97f1-4136-af22-e7da0a115ac9', 16, 17, 'Classroom 17', 'AC0017', 'INAC0017', NULL, NULL, NULL, 'GROUP', '2026-01-13 15:39:46.793', NULL, '2024-04-29 15:39:46.793', NULL, '2025-02-18 15:39:46.793', '2024-12-11 15:39:46.793', NULL),
('f7c7f78c-9803-4804-a6bc-8a35b122fc9c', 10, 18, 'Classroom 18', 'AC0018', 'INAC0018', NULL, NULL, NULL, 'OFF', '2025-11-30 15:39:46.793', NULL, '2024-12-23 15:39:46.793', '2024-08-11 15:39:46.793', '2024-09-15 15:39:46.793', '2024-11-21 15:39:46.793', NULL),
('4c65ceef-17e8-4302-84c8-64b015c48565', 3, 19, 'Classroom 19', 'AC0019', 'INAC0019', NULL, NULL, NULL, 'OFF', '2025-02-27 15:39:46.793', NULL, '2024-12-18 15:39:46.793', '2024-09-07 15:39:46.793', '2025-02-22 15:39:46.793', '2025-02-23 15:39:46.793', NULL),
('a49ed342-2bcf-4397-8ff2-94f7a4bd3ce5', 8, 20, 'Classroom 20', 'AC0020', 'INAC0020', NULL, NULL, NULL, 'CLASSROOM', '2025-09-19 15:39:46.793', NULL, '2024-09-01 15:39:46.793', '2024-08-17 15:39:46.793', '2025-02-11 15:39:46.793', '2024-12-30 15:39:46.793', NULL),
('087373fb-f6c4-434a-be5e-328786edcd84', 1, 21, 'Classroom 21', 'AC0021', 'INAC0021', NULL, NULL, NULL, 'OFF', '2025-06-28 15:39:46.793', NULL, '2024-10-26 15:39:46.793', NULL, '2024-11-20 15:39:46.793', '2025-01-08 15:39:46.793', NULL),
('a5698529-e3c9-4a72-bca0-2c2f06f88900', 4, 22, 'Classroom 22', 'AC0022', 'INAC0022', NULL, NULL, NULL, 'GROUP', '2025-12-21 15:39:46.793', NULL, '2024-04-14 15:39:46.793', NULL, '2024-11-24 15:39:46.793', '2025-01-21 15:39:46.793', NULL),
('ff27e1ca-8483-4da1-b9b5-e4c619178694', 9, 23, 'Classroom 23', 'AC0023', 'INAC0023', NULL, NULL, NULL, 'OFF', '2025-11-08 15:39:46.793', NULL, '2024-10-17 15:39:46.793', '2024-11-17 15:39:46.793', '2025-02-18 15:39:46.793', '2024-11-19 15:39:46.793', NULL),
('09df0e88-13de-4292-ad2e-5bc8f519f18d', 1, 24, 'Classroom 24', 'AC0024', 'INAC0024', NULL, NULL, NULL, 'OFF', NULL, NULL, '2024-04-10 15:39:46.793', '2024-05-25 15:39:46.793', '2024-12-27 15:39:46.793', '2024-12-31 15:39:46.793', NULL),
('f1f42eb9-034b-452f-8ef2-c27cf3afea1f', 18, 25, 'Classroom 25', 'AC0025', 'INAC0025', NULL, NULL, NULL, 'CLASSROOM', '2025-10-04 15:39:46.793', NULL, '2024-05-25 15:39:46.793', '2025-02-13 15:39:46.793', '2024-09-25 15:39:46.793', '2025-01-17 15:39:46.793', NULL),
('b8f670d1-5c19-44c2-8b97-bb1d0a8ff97e', 1, 26, 'Classroom 26', 'AC0026', 'INAC0026', NULL, NULL, NULL, 'GROUP', '2025-09-17 15:39:46.793', NULL, '2024-04-10 15:39:46.793', '2024-05-04 15:39:46.793', '2024-12-28 15:39:46.793', '2025-01-04 15:39:46.793', NULL),
('dfb41aba-771d-4562-b47d-26f65fedc212', 12, 27, 'Classroom 27', 'AC0027', 'INAC0027', NULL, NULL, NULL, 'GROUP', '2026-02-18 15:39:46.793', NULL, '2024-11-04 15:39:46.793', NULL, '2024-12-02 15:39:46.793', '2024-11-19 15:39:46.793', NULL),
('505893b7-94f7-4594-9e4d-2f9f95a01820', 16, 28, 'Classroom 28', 'AC0028', 'INAC0028', NULL, NULL, NULL, 'OFF', '2025-05-21 15:39:46.793', NULL, '2025-01-17 15:39:46.793', NULL, '2025-02-19 15:39:46.793', '2025-02-22 15:39:46.793', NULL),
('65dd3b34-a076-40a8-9256-960e1e0f7c85', 10, 29, 'Classroom 29', 'AC0029', 'INAC0029', NULL, NULL, NULL, 'GROUP', '2025-09-19 15:39:46.793', NULL, '2024-07-17 15:39:46.793', '2024-10-16 15:39:46.793', '2024-10-28 15:39:46.793', NULL, NULL),
('69f024a3-1507-484f-befe-925208d94210', 15, 30, 'Classroom 30', 'AC0030', 'INAC0030', NULL, NULL, NULL, 'OFF', NULL, NULL, '2024-12-13 15:39:46.793', '2024-09-08 15:39:46.793', '2024-10-07 15:39:46.793', '2025-02-12 15:39:46.793', NULL),
('6434bfaf-b3c2-4b53-974a-2b7b46f21f2b', 12, 31, 'Classroom 31', 'AC0031', 'INAC0031', NULL, NULL, NULL, 'CLASSROOM', '2026-02-15 15:39:46.793', NULL, '2024-08-15 15:39:46.793', NULL, '2024-10-30 15:39:46.793', '2024-12-26 15:39:46.793', NULL),
('9a81e25c-5eb9-4edb-8404-ba6ee3ae8596', 8, 32, 'Classroom 32', 'AC0032', 'INAC0032', NULL, NULL, NULL, 'OFF', '2025-05-02 15:39:46.793', NULL, '2024-04-14 15:39:46.793', '2024-07-28 15:39:46.793', '2024-09-02 15:39:46.793', '2025-02-08 15:39:46.793', NULL),
('43c6bde2-41d5-4dfa-a4f4-b2b47e26bf85', 3, 33, 'Classroom 33', 'AC0033', 'INAC0033', NULL, NULL, NULL, 'GROUP', '2025-06-16 15:39:46.793', NULL, '2024-03-09 15:39:46.793', '2024-12-22 15:39:46.793', '2024-09-13 15:39:46.793', '2025-01-06 15:39:46.793', NULL),
('4e26831b-4b96-4244-9642-664f479f1ed7', 18, 34, 'Classroom 34', 'AC0034', 'INAC0034', NULL, NULL, NULL, 'CLASSROOM', NULL, NULL, '2024-08-18 15:39:46.793', '2025-02-01 15:39:46.793', '2024-10-15 15:39:46.793', NULL, NULL),
('2c41cdfc-bde9-4de9-bcfe-774de82bbb7f', 16, 35, 'Classroom 35', 'AC0035', 'INAC0035', NULL, NULL, NULL, 'CLASSROOM', '2025-06-29 15:39:46.793', NULL, '2024-09-26 15:39:46.793', NULL, '2025-02-18 15:39:46.793', NULL, NULL),
('0bb0197f-bbb2-4024-a59b-c1fce5d6a900', 5, 36, 'Classroom 36', 'AC0036', 'INAC0036', NULL, NULL, NULL, 'CLASSROOM', NULL, NULL, '2024-05-17 15:39:46.793', NULL, '2025-01-01 15:39:46.793', NULL, NULL),
('4484c7a6-c536-42ff-90a0-c0a3130e85c0', 13, 37, 'Classroom 37', 'AC0037', 'INAC0037', NULL, NULL, NULL, 'CLASSROOM', '2025-12-27 15:39:46.793', NULL, '2024-05-07 15:39:46.793', '2024-05-21 15:39:46.793', '2024-12-22 15:39:46.793', '2024-11-21 15:39:46.793', NULL),
('d7906836-4847-48a0-b4f9-e94333d18292', 20, 38, 'Classroom 38', 'AC0038', 'INAC0038', NULL, NULL, NULL, 'OFF', NULL, NULL, '2024-06-06 15:39:46.793', '2025-02-10 15:39:46.793', '2025-02-18 15:39:46.793', '2025-01-03 15:39:46.793', NULL),
('f6ec2d56-0e1d-492e-9775-0c69baad78a1', 9, 39, 'Classroom 39', 'AC0039', 'INAC0039', NULL, NULL, NULL, 'OFF', NULL, NULL, '2024-10-22 15:39:46.793', NULL, '2025-01-20 15:39:46.793', '2025-02-17 15:39:46.793', NULL),
('6da0a42d-b385-4b84-b03c-ab5308cb300a', 12, 40, 'Classroom 40', 'AC0040', 'INAC0040', NULL, NULL, NULL, 'GROUP', NULL, NULL, '2024-07-02 15:39:46.793', '2025-01-23 15:39:46.793', '2025-02-09 15:39:46.793', NULL, NULL),
('ee012f87-38b9-4337-afc0-1395e9bb9b5e', 10, 41, 'Classroom 41', 'AC0041', 'INAC0041', NULL, NULL, NULL, 'OFF', '2025-03-01 15:39:46.793', NULL, '2025-01-21 15:39:46.793', '2024-10-30 15:39:46.793', '2024-11-04 15:39:46.793', '2025-01-20 15:39:46.793', NULL),
('907ba0d8-4f78-487e-98c2-ee00a06850b5', 15, 42, 'Classroom 42', 'AC0042', 'INAC0042', NULL, NULL, NULL, 'OFF', NULL, NULL, '2024-08-22 15:39:46.793', '2024-09-17 15:39:46.793', '2025-01-06 15:39:46.793', NULL, NULL),
('cd25bfcd-ad43-4fd1-9b47-3febb29bb7bf', 3, 43, 'Classroom 43', 'AC0043', 'INAC0043', NULL, NULL, NULL, 'OFF', NULL, NULL, '2024-05-09 15:39:46.793', '2024-11-03 15:39:46.793', '2024-08-30 15:39:46.793', '2024-12-27 15:39:46.793', NULL),
('1af63b76-019c-4298-baf2-b4d6fca5f003', 4, 44, 'Classroom 44', 'AC0044', 'INAC0044', NULL, NULL, NULL, 'GROUP', '2025-09-07 15:39:46.793', NULL, '2025-01-04 15:39:46.793', NULL, '2024-08-31 15:39:46.793', '2024-12-26 15:39:46.793', NULL),
('09101d4a-6429-4f2b-a6f1-dec8ec987051', 9, 45, 'Classroom 45', 'AC0045', 'INAC0045', NULL, NULL, NULL, 'OFF', NULL, NULL, '2024-10-11 15:39:46.793', NULL, '2025-01-03 15:39:46.793', '2025-01-21 15:39:46.793', NULL),
('5ccd38b9-fb9e-442a-ac16-f682f28778c9', 1, 46, 'Classroom 46', 'AC0046', 'INAC0046', NULL, NULL, NULL, 'GROUP', '2026-02-01 15:39:46.793', NULL, '2024-10-25 15:39:46.793', NULL, '2024-12-05 15:39:46.793', NULL, NULL),
('9abffa23-1173-43b2-af02-70020d39b373', 16, 47, 'Classroom 47', 'AC0047', 'INAC0047', NULL, NULL, NULL, 'CLASSROOM', NULL, NULL, '2024-12-13 15:39:46.793', '2024-09-06 15:39:46.793', '2024-12-15 15:39:46.793', '2024-11-18 15:39:46.793', NULL),
('32947a35-7ebf-4b0a-9c71-b82d655a4d9d', 19, 48, 'Classroom 48', 'AC0048', 'INAC0048', NULL, NULL, NULL, 'OFF', '2025-04-28 15:39:46.793', NULL, '2024-09-24 15:39:46.793', '2025-01-24 15:39:46.793', '2024-12-27 15:39:46.793', '2025-01-20 15:39:46.793', NULL),
('7bda987d-5cb9-4b26-bb3b-dff3e62fde05', 1, 49, 'Classroom 49', 'AC0049', 'INAC0049', NULL, NULL, NULL, 'GROUP', '2025-07-26 15:39:46.793', NULL, '2024-11-14 15:39:46.793', '2024-06-24 15:39:46.793', '2024-11-07 15:39:46.793', '2024-11-29 15:39:46.793', NULL),
('f307230a-2321-4568-888e-a1ccf11759b1', 6, 50, 'Classroom 50', 'AC0050', 'INAC0050', NULL, NULL, NULL, 'CLASSROOM', '2025-06-22 15:39:46.793', NULL, '2024-07-30 15:39:46.793', NULL, '2024-09-01 15:39:46.793', '2024-12-28 15:39:46.793', NULL);

INSERT INTO classroom_group (uid, classroom_uid, name, created_at, updated_at, deleted_at) VALUES
('5f3641a6-c3ad-4972-b62b-db8fb5dab9ce', 'e1a678f3-365e-4b62-bf32-dd46abdd5889', 'Group 1', '2025-01-28 15:39:46.793', '2024-09-01 15:39:46.793', NULL),
('0b433a28-053a-4940-84f7-589123367886', 'cd25bfcd-ad43-4fd1-9b47-3febb29bb7bf', 'Group 2', '2024-11-03 15:39:46.793', '2024-10-16 15:39:46.793', '2024-11-21 15:39:46.793'),
('8fcdd24f-12ff-4ab1-8744-7c2571df86bb', 'cd25bfcd-ad43-4fd1-9b47-3febb29bb7bf', 'Group 3', '2024-04-19 15:39:46.793', '2024-09-01 15:39:46.793', NULL),
('3efd6302-09f4-47fd-b8d6-5bbde37b1b03', '0899bd2f-4f23-4248-a5a4-aa4bb853e0ba', 'Group 4', '2024-12-16 15:39:46.793', '2024-09-24 15:39:46.793', '2024-11-18 15:39:46.793'),
('0f871c35-f045-4321-a4e9-3d09a5e800e3', '87bf8458-75a5-4727-bf15-e9ba4d2e48b6', 'Group 5', '2024-09-06 15:39:46.793', '2024-09-25 15:39:46.793', '2024-11-28 15:39:46.793'),
('d9bcd15e-2b39-47a1-8516-9f46112e7538', '6434bfaf-b3c2-4b53-974a-2b7b46f21f2b', 'Group 6', '2024-11-14 15:39:46.793', '2024-10-05 15:39:46.793', '2025-01-05 15:39:46.793'),
('9f8bba00-28bb-405e-8e0c-f4a3a8bf9b41', '09df0e88-13de-4292-ad2e-5bc8f519f18d', 'Group 7', '2024-07-17 15:39:46.793', '2025-02-01 15:39:46.793', NULL),
('f86dbf14-414d-4362-8a06-3615a69f5c88', '3ca4bce1-ba96-4ff1-9e05-db1df9840694', 'Group 8', '2024-12-23 15:39:46.793', '2024-11-22 15:39:46.793', '2024-11-19 15:39:46.793'),
('7612c84a-c1fc-48e1-b237-111f5fddb211', '09101d4a-6429-4f2b-a6f1-dec8ec987051', 'Group 9', '2024-10-07 15:39:46.793', '2025-01-31 15:39:46.793', '2025-01-04 15:39:46.793'),
('f9737337-2395-42ef-aafa-629ec8efadc3', 'b2ad034f-6a7b-46ed-a4b2-213c0b6a1db2', 'Group 10', '2025-01-10 15:39:46.793', '2024-09-05 15:39:46.793', '2025-01-03 15:39:46.793'),
('37fe65fe-3ccd-4b99-95cb-3858209731f8', '0bb0197f-bbb2-4024-a59b-c1fce5d6a900', 'Group 11', '2024-09-30 15:39:46.793', '2024-11-02 15:39:46.793', '2024-11-30 15:39:46.793'),
('02bb42d8-7942-468c-b625-8c9eda611696', '09df0e88-13de-4292-ad2e-5bc8f519f18d', 'Group 12', '2025-01-23 15:39:46.793', '2025-02-23 15:39:46.793', '2024-11-23 15:39:46.793'),
('13d8c9fd-125f-4b59-8906-e8d02efbd2e5', 'dfb41aba-771d-4562-b47d-26f65fedc212', 'Group 13', '2025-01-10 15:39:46.793', '2025-01-03 15:39:46.793', '2025-01-30 15:39:46.793'),
('90422bbe-bfbb-407b-bc8f-d0f20a68eb63', '0bb0197f-bbb2-4024-a59b-c1fce5d6a900', 'Group 14', '2024-07-22 15:39:46.793', '2024-10-18 15:39:46.793', NULL),
('01746b0a-0998-4a3d-91af-6616bf2dcd2d', 'f307230a-2321-4568-888e-a1ccf11759b1', 'Group 15', '2024-10-28 15:39:46.793', '2024-10-15 15:39:46.793', '2024-11-25 15:39:46.793'),
('9a19b7c0-6016-47d1-8706-222ae7219232', 'cf0399e7-ec41-4a99-9ca3-f9f36d4dd74a', 'Group 16', '2024-09-02 15:39:46.793', '2025-02-04 15:39:46.793', '2024-12-21 15:39:46.793'),
('ae0512f2-209c-49b4-a9d3-224ff1740d90', '3912a6d2-97f1-4136-af22-e7da0a115ac9', 'Group 17', '2024-06-27 15:39:46.793', '2024-10-06 15:39:46.793', '2025-02-11 15:39:46.793'),
('e8c5e32e-75d6-4af6-ba4c-ec563cbb1baf', '69f024a3-1507-484f-befe-925208d94210', 'Group 18', '2024-03-23 15:39:46.793', '2024-10-01 15:39:46.793', NULL),
('4675ee65-e77c-43e8-a159-b9cbf2f33734', '5ccd38b9-fb9e-442a-ac16-f682f28778c9', 'Group 19', '2024-10-25 15:39:46.793', '2024-10-07 15:39:46.793', '2024-12-20 15:39:46.793'),
('b3d42502-050c-409c-842c-c95b613c5de3', 'dfb41aba-771d-4562-b47d-26f65fedc212', 'Group 20', '2024-12-30 15:39:46.793', '2025-01-17 15:39:46.793', '2025-01-22 15:39:46.793'),
('6b00fbe2-7eb0-4dd3-9d7e-e45d3b098993', 'f0a04058-93bb-48a0-8270-39bf7400c530', 'Group 21', '2024-06-05 15:39:46.793', '2024-12-14 15:39:46.793', '2024-11-18 15:39:46.793'),
('257a34e2-0cd1-4855-a53e-6a70894bdcb4', 'b2ad034f-6a7b-46ed-a4b2-213c0b6a1db2', 'Group 22', '2025-02-04 15:39:46.793', '2024-09-10 15:39:46.793', NULL),
('9310d181-7650-4d8c-9896-b03cf140d902', '2bd61544-cc53-4c2e-8fb5-6ca826b50106', 'Group 23', '2024-02-29 15:39:46.793', '2024-12-20 15:39:46.793', NULL),
('a9fd2a75-edbe-47f4-8dc4-c2329b7f626e', '4484c7a6-c536-42ff-90a0-c0a3130e85c0', 'Group 24', '2024-08-08 15:39:46.793', '2025-01-26 15:39:46.793', NULL),
('599b310f-4290-4dde-a23d-a1bf75f18a23', '32947a35-7ebf-4b0a-9c71-b82d655a4d9d', 'Group 25', '2024-09-08 15:39:46.793', '2025-02-12 15:39:46.793', '2025-02-17 15:39:46.793'),
('95dde1e9-9c60-44c8-9636-e30cfeff9c4b', '505893b7-94f7-4594-9e4d-2f9f95a01820', 'Group 26', '2024-05-05 15:39:46.793', '2024-11-25 15:39:46.793', '2024-12-27 15:39:46.793'),
('c10bc6fb-f16a-446c-9905-fe459aa17e59', 'ee012f87-38b9-4337-afc0-1395e9bb9b5e', 'Group 27', '2025-01-11 15:39:46.793', '2025-01-05 15:39:46.793', '2025-02-21 15:39:46.793'),
('d0915ee0-9a2a-4cc7-80d7-6528b2fa05de', 'a413bd53-dc55-48bd-b5ea-a72856d16278', 'Group 28', '2024-05-01 15:39:46.793', '2024-12-09 15:39:46.793', '2024-12-05 15:39:46.793'),
('1df60dfe-195c-4415-9038-07bc016e4ae9', 'a62855ee-ef4f-4bcd-8770-199eec454a5c', 'Group 29', '2024-11-19 15:39:46.793', '2024-09-08 15:39:46.793', '2024-12-05 15:39:46.793'),
('f311f8a3-6822-482a-9e9c-073fa6a747ba', '3912a6d2-97f1-4136-af22-e7da0a115ac9', 'Group 30', '2024-02-25 15:39:46.793', '2025-01-25 15:39:46.793', '2025-01-02 15:39:46.793'),
('1bcb1bea-d77d-490c-9f86-832cd1bfcb74', 'f1f42eb9-034b-452f-8ef2-c27cf3afea1f', 'Group 31', '2024-08-21 15:39:46.793', '2024-12-30 15:39:46.793', '2025-02-09 15:39:46.793'),
('d0a4d7a1-b5d3-4289-9afd-4ea56d008d8d', '907ba0d8-4f78-487e-98c2-ee00a06850b5', 'Group 32', '2024-06-30 15:39:46.793', '2024-09-21 15:39:46.793', '2024-12-05 15:39:46.793'),
('260816c8-71f2-45e3-bfe0-f0a62acad2dd', 'a62855ee-ef4f-4bcd-8770-199eec454a5c', 'Group 33', '2024-05-14 15:39:46.793', '2024-09-13 15:39:46.793', '2024-11-17 15:39:46.793'),
('2b12b2ca-51f0-45b7-b492-0a8be77817c5', 'a5698529-e3c9-4a72-bca0-2c2f06f88900', 'Group 34', '2024-07-02 15:39:46.793', '2024-10-27 15:39:46.793', '2024-12-10 15:39:46.793'),
('ba9f98c9-2a97-4972-93ec-99251647354c', 'ee012f87-38b9-4337-afc0-1395e9bb9b5e', 'Group 35', '2024-08-04 15:39:46.793', '2025-02-14 15:39:46.793', '2025-01-29 15:39:46.793'),
('74b530e0-8a9d-4cdf-89da-a1cce61f9399', 'dfb41aba-771d-4562-b47d-26f65fedc212', 'Group 36', '2024-12-17 15:39:46.793', '2024-11-02 15:39:46.793', '2025-02-13 15:39:46.793'),
('2fe10a40-6a2e-4905-ad4c-98aea7750a1a', 'e1a678f3-365e-4b62-bf32-dd46abdd5889', 'Group 37', '2024-09-11 15:39:46.793', '2024-11-05 15:39:46.793', '2024-12-26 15:39:46.793'),
('98f3532c-8187-4848-90f6-da50f684efbc', '09df0e88-13de-4292-ad2e-5bc8f519f18d', 'Group 38', '2024-08-02 15:39:46.793', '2024-11-18 15:39:46.793', NULL),
('553a589d-302c-4e3e-bcbf-5991240ecaaa', '087373fb-f6c4-434a-be5e-328786edcd84', 'Group 39', '2024-11-02 15:39:46.793', '2024-11-08 15:39:46.793', '2025-01-05 15:39:46.793'),
('a3a59a41-0abe-4fea-98d3-04a89faf368e', 'b8f670d1-5c19-44c2-8b97-bb1d0a8ff97e', 'Group 40', '2024-07-24 15:39:46.793', '2025-02-04 15:39:46.793', NULL),
('fdbfe445-778c-4487-bf16-00f29e7230d4', 'f307230a-2321-4568-888e-a1ccf11759b1', 'Group 41', '2024-06-12 15:39:46.793', '2024-09-27 15:39:46.793', '2024-11-22 15:39:46.793'),
('f9b16b35-8cd4-416b-b399-b333810185fe', '2c41cdfc-bde9-4de9-bcfe-774de82bbb7f', 'Group 42', '2024-11-17 15:39:46.793', '2024-12-16 15:39:46.793', '2024-11-28 15:39:46.793'),
('230c7b22-4e39-443f-a38b-617d000e5c9c', '9abffa23-1173-43b2-af02-70020d39b373', 'Group 43', '2024-06-12 15:39:46.793', '2024-12-17 15:39:46.793', NULL),
('5f9ee2ac-9827-4b84-9d27-bb2372fbd313', '3ca4bce1-ba96-4ff1-9e05-db1df9840694', 'Group 44', '2024-06-10 15:39:46.793', '2024-09-13 15:39:46.793', '2025-02-22 15:39:46.793'),
('780ca9d4-7a14-4d79-9cba-856087c54ffa', '9a81e25c-5eb9-4edb-8404-ba6ee3ae8596', 'Group 45', '2024-11-02 15:39:46.793', '2024-11-19 15:39:46.793', '2024-11-17 15:39:46.793'),
('1a435dbe-4a0a-4b13-bcf2-5121d33a6454', '69f024a3-1507-484f-befe-925208d94210', 'Group 46', '2025-01-13 15:39:46.793', '2024-09-13 15:39:46.793', NULL),
('138b7f00-6cef-471a-b9c2-6f27010630e9', 'cbeb0606-8d5d-4ddc-a158-63a13d983292', 'Group 47', '2024-05-30 15:39:46.793', '2025-02-18 15:39:46.793', '2025-02-19 15:39:46.793'),
('4738e558-96a3-435e-a7dd-b148be9dccee', '43c6bde2-41d5-4dfa-a4f4-b2b47e26bf85', 'Group 48', '2024-03-10 15:39:46.793', '2025-01-27 15:39:46.793', '2024-12-11 15:39:46.793'),
('ef55b0a7-34d4-480b-921e-aab61f593678', '9b1107aa-e12a-4c53-84de-76a3503f5497', 'Group 49', '2024-10-22 15:39:46.793', '2025-02-14 15:39:46.793', '2024-12-15 15:39:46.793'),
('5cf6d30e-d1f2-4680-9fc3-8fe7b901d38a', '43c6bde2-41d5-4dfa-a4f4-b2b47e26bf85', 'Group 50', '2024-12-13 15:39:46.793', '2024-12-03 15:39:46.793', NULL);

INSERT INTO classroom_member (classroom_uid, user_id, classroom_group_uid, role, created_at, updated_at, deleted_at) VALUES
('02bb42d8-7942-468c-b625-8c9eda611696', 31, '09df0e88-13de-4292-ad2e-5bc8f519f18d', 'INSTRUCTOR', '2024-05-22 15:39:46.793', '2024-10-12 15:39:46.793', '2024-12-01 15:39:46.793'),
('f9b16b35-8cd4-416b-b399-b333810185fe', 33, '2c41cdfc-bde9-4de9-bcfe-774de82bbb7f', 'INSTRUCTOR', '2025-01-14 15:39:46.793', '2024-11-22 15:39:46.793', '2025-02-10 15:39:46.793'),
('5f3641a6-c3ad-4972-b62b-db8fb5dab9ce', 30, 'e1a678f3-365e-4b62-bf32-dd46abdd5889', 'STUDENT', '2025-01-08 15:39:46.793', '2025-02-16 15:39:46.793', '2025-01-17 15:39:46.793'),
('2fe10a40-6a2e-4905-ad4c-98aea7750a1a', 14, 'e1a678f3-365e-4b62-bf32-dd46abdd5889', 'STUDENT', '2024-08-24 15:39:46.793', '2025-01-17 15:39:46.793', '2024-12-07 15:39:46.793'),
('90422bbe-bfbb-407b-bc8f-d0f20a68eb63', 43, '0bb0197f-bbb2-4024-a59b-c1fce5d6a900', 'STUDENT', '2024-10-27 15:39:46.793', '2025-02-18 15:39:46.793', '2024-11-25 15:39:46.793'),
('ba9f98c9-2a97-4972-93ec-99251647354c', 43, 'ee012f87-38b9-4337-afc0-1395e9bb9b5e', 'INSTRUCTOR', '2024-12-06 15:39:46.793', '2024-12-16 15:39:46.793', NULL),
('553a589d-302c-4e3e-bcbf-5991240ecaaa', 11, '087373fb-f6c4-434a-be5e-328786edcd84', 'STUDENT', '2024-11-13 15:39:46.793', '2024-12-28 15:39:46.793', '2024-11-28 15:39:46.793'),
('f86dbf14-414d-4362-8a06-3615a69f5c88', 44, '3ca4bce1-ba96-4ff1-9e05-db1df9840694', 'STUDENT', '2024-08-29 15:39:46.793', '2024-09-01 15:39:46.793', NULL),
('02bb42d8-7942-468c-b625-8c9eda611696', 47, '09df0e88-13de-4292-ad2e-5bc8f519f18d', 'INSTRUCTOR', '2024-12-27 15:39:46.793', '2025-01-19 15:39:46.793', '2024-12-01 15:39:46.793'),
('780ca9d4-7a14-4d79-9cba-856087c54ffa', 19, '9a81e25c-5eb9-4edb-8404-ba6ee3ae8596', 'INSTRUCTOR', '2025-01-08 15:39:46.793', '2024-11-25 15:39:46.793', '2025-01-01 15:39:46.793'),
('ae0512f2-209c-49b4-a9d3-224ff1740d90', 29, '3912a6d2-97f1-4136-af22-e7da0a115ac9', 'INSTRUCTOR', '2025-01-24 15:39:46.793', '2024-11-02 15:39:46.793', '2024-12-05 15:39:46.793'),
('6b00fbe2-7eb0-4dd3-9d7e-e45d3b098993', 36, 'f0a04058-93bb-48a0-8270-39bf7400c530', 'INSTRUCTOR', '2024-10-19 15:39:46.793', '2024-11-29 15:39:46.793', NULL),
('ef55b0a7-34d4-480b-921e-aab61f593678', 44, '9b1107aa-e12a-4c53-84de-76a3503f5497', 'INSTRUCTOR', '2024-10-29 15:39:46.793', '2025-01-04 15:39:46.793', '2025-02-15 15:39:46.793'),
('ef55b0a7-34d4-480b-921e-aab61f593678', 42, '9b1107aa-e12a-4c53-84de-76a3503f5497', 'STUDENT', '2024-10-20 15:39:46.793', '2025-01-14 15:39:46.793', '2024-11-24 15:39:46.793'),
('ba9f98c9-2a97-4972-93ec-99251647354c', 46, 'ee012f87-38b9-4337-afc0-1395e9bb9b5e', 'INSTRUCTOR', '2024-07-31 15:39:46.793', '2024-12-12 15:39:46.793', '2025-02-13 15:39:46.793'),
('ef55b0a7-34d4-480b-921e-aab61f593678', 16, '9b1107aa-e12a-4c53-84de-76a3503f5497', 'STUDENT', '2025-01-29 15:39:46.793', '2024-09-27 15:39:46.793', '2025-01-27 15:39:46.793'),
('6b00fbe2-7eb0-4dd3-9d7e-e45d3b098993', 8, 'f0a04058-93bb-48a0-8270-39bf7400c530', 'STUDENT', '2025-01-31 15:39:46.793', '2024-11-24 15:39:46.793', NULL),
('8fcdd24f-12ff-4ab1-8744-7c2571df86bb', 30, 'cd25bfcd-ad43-4fd1-9b47-3febb29bb7bf', 'STUDENT', '2024-11-09 15:39:46.793', '2024-12-15 15:39:46.793', '2024-11-16 15:39:46.793'),
('4738e558-96a3-435e-a7dd-b148be9dccee', 25, '43c6bde2-41d5-4dfa-a4f4-b2b47e26bf85', 'INSTRUCTOR', '2024-12-24 15:39:46.793', '2025-01-05 15:39:46.793', '2025-02-17 15:39:46.793'),
('230c7b22-4e39-443f-a38b-617d000e5c9c', 27, '9abffa23-1173-43b2-af02-70020d39b373', 'STUDENT', '2024-06-18 15:39:46.793', '2024-10-31 15:39:46.793', NULL),
('9f8bba00-28bb-405e-8e0c-f4a3a8bf9b41', 20, '09df0e88-13de-4292-ad2e-5bc8f519f18d', 'STUDENT', '2024-02-27 15:39:46.793', '2024-09-08 15:39:46.793', NULL),
('f311f8a3-6822-482a-9e9c-073fa6a747ba', 34, '3912a6d2-97f1-4136-af22-e7da0a115ac9', 'INSTRUCTOR', '2024-08-13 15:39:46.793', '2025-01-16 15:39:46.793', NULL),
('a9fd2a75-edbe-47f4-8dc4-c2329b7f626e', 4, '4484c7a6-c536-42ff-90a0-c0a3130e85c0', 'INSTRUCTOR', '2024-07-05 15:39:46.793', '2025-02-12 15:39:46.793', '2025-01-07 15:39:46.793'),
('5cf6d30e-d1f2-4680-9fc3-8fe7b901d38a', 41, '43c6bde2-41d5-4dfa-a4f4-b2b47e26bf85', 'INSTRUCTOR', '2024-07-11 15:39:46.793', '2024-11-28 15:39:46.793', '2025-02-15 15:39:46.793'),
('1df60dfe-195c-4415-9038-07bc016e4ae9', 27, 'a62855ee-ef4f-4bcd-8770-199eec454a5c', 'INSTRUCTOR', '2025-01-31 15:39:46.793', '2024-12-02 15:39:46.793', '2025-01-04 15:39:46.793'),
('8fcdd24f-12ff-4ab1-8744-7c2571df86bb', 36, 'cd25bfcd-ad43-4fd1-9b47-3febb29bb7bf', 'STUDENT', '2024-08-17 15:39:46.793', '2024-11-06 15:39:46.793', '2024-11-28 15:39:46.793'),
('1a435dbe-4a0a-4b13-bcf2-5121d33a6454', 33, '69f024a3-1507-484f-befe-925208d94210', 'INSTRUCTOR', '2024-06-14 15:39:46.793', '2024-11-19 15:39:46.793', '2025-01-22 15:39:46.793'),
('9310d181-7650-4d8c-9896-b03cf140d902', 31, '2bd61544-cc53-4c2e-8fb5-6ca826b50106', 'STUDENT', '2024-11-13 15:39:46.793', '2025-01-23 15:39:46.793', '2025-02-01 15:39:46.793'),
('b3d42502-050c-409c-842c-c95b613c5de3', 10, 'dfb41aba-771d-4562-b47d-26f65fedc212', 'INSTRUCTOR', '2024-11-15 15:39:46.793', '2024-10-10 15:39:46.793', NULL),
('ef55b0a7-34d4-480b-921e-aab61f593678', 11, '9b1107aa-e12a-4c53-84de-76a3503f5497', 'STUDENT', '2025-01-24 15:39:46.793', '2024-10-28 15:39:46.793', '2025-01-16 15:39:46.793'),
('d9bcd15e-2b39-47a1-8516-9f46112e7538', 27, '6434bfaf-b3c2-4b53-974a-2b7b46f21f2b', 'INSTRUCTOR', '2024-10-02 15:39:46.793', '2024-09-15 15:39:46.793', '2024-12-09 15:39:46.793'),
('d0915ee0-9a2a-4cc7-80d7-6528b2fa05de', 33, 'a413bd53-dc55-48bd-b5ea-a72856d16278', 'STUDENT', '2024-06-12 15:39:46.793', '2024-10-17 15:39:46.793', '2024-11-16 15:39:46.793'),
('ae0512f2-209c-49b4-a9d3-224ff1740d90', 41, '3912a6d2-97f1-4136-af22-e7da0a115ac9', 'STUDENT', '2024-03-27 15:39:46.793', '2024-12-23 15:39:46.793', '2025-02-11 15:39:46.793'),
('8fcdd24f-12ff-4ab1-8744-7c2571df86bb', 19, 'cd25bfcd-ad43-4fd1-9b47-3febb29bb7bf', 'STUDENT', '2024-03-29 15:39:46.793', '2024-11-16 15:39:46.793', '2024-12-07 15:39:46.793'),
('0b433a28-053a-4940-84f7-589123367886', 12, 'cd25bfcd-ad43-4fd1-9b47-3febb29bb7bf', 'INSTRUCTOR', '2025-02-07 15:39:46.793', '2024-11-11 15:39:46.793', '2024-11-18 15:39:46.793'),
('9310d181-7650-4d8c-9896-b03cf140d902', 15, '2bd61544-cc53-4c2e-8fb5-6ca826b50106', 'STUDENT', '2024-06-27 15:39:46.793', '2025-01-11 15:39:46.793', NULL),
('1bcb1bea-d77d-490c-9f86-832cd1bfcb74', 11, 'f1f42eb9-034b-452f-8ef2-c27cf3afea1f', 'STUDENT', '2024-06-02 15:39:46.793', '2025-01-11 15:39:46.793', '2025-02-06 15:39:46.793'),
('138b7f00-6cef-471a-b9c2-6f27010630e9', 15, 'cbeb0606-8d5d-4ddc-a158-63a13d983292', 'INSTRUCTOR', '2024-10-15 15:39:46.793', '2024-11-09 15:39:46.793', '2025-02-22 15:39:46.793'),
('9f8bba00-28bb-405e-8e0c-f4a3a8bf9b41', 26, '09df0e88-13de-4292-ad2e-5bc8f519f18d', 'STUDENT', '2025-02-20 15:39:46.793', '2024-10-18 15:39:46.793', '2024-11-18 15:39:46.793'),
('ae0512f2-209c-49b4-a9d3-224ff1740d90', 32, '3912a6d2-97f1-4136-af22-e7da0a115ac9', 'INSTRUCTOR', '2024-10-20 15:39:46.793', '2025-01-23 15:39:46.793', '2025-01-28 15:39:46.793'),
('8fcdd24f-12ff-4ab1-8744-7c2571df86bb', 32, 'cd25bfcd-ad43-4fd1-9b47-3febb29bb7bf', 'INSTRUCTOR', '2024-05-27 15:39:46.793', '2024-11-24 15:39:46.793', '2024-11-16 15:39:46.793'),
('138b7f00-6cef-471a-b9c2-6f27010630e9', 25, 'cbeb0606-8d5d-4ddc-a158-63a13d983292', 'STUDENT', '2024-11-04 15:39:46.793', '2024-11-28 15:39:46.793', '2025-02-12 15:39:46.793'),
('02bb42d8-7942-468c-b625-8c9eda611696', 34, '09df0e88-13de-4292-ad2e-5bc8f519f18d', 'INSTRUCTOR', '2024-06-23 15:39:46.793', '2025-02-01 15:39:46.793', '2025-01-31 15:39:46.793'),
('c10bc6fb-f16a-446c-9905-fe459aa17e59', 26, 'ee012f87-38b9-4337-afc0-1395e9bb9b5e', 'INSTRUCTOR', '2025-02-07 15:39:46.793', '2024-09-11 15:39:46.793', '2024-11-16 15:39:46.793'),
('7612c84a-c1fc-48e1-b237-111f5fddb211', 33, '09101d4a-6429-4f2b-a6f1-dec8ec987051', 'STUDENT', '2024-04-30 15:39:46.793', '2024-11-05 15:39:46.793', '2025-02-19 15:39:46.793'),
('95dde1e9-9c60-44c8-9636-e30cfeff9c4b', 16, '505893b7-94f7-4594-9e4d-2f9f95a01820', 'INSTRUCTOR', '2024-07-27 15:39:46.793', '2024-09-25 15:39:46.793', NULL),
('90422bbe-bfbb-407b-bc8f-d0f20a68eb63', 13, '0bb0197f-bbb2-4024-a59b-c1fce5d6a900', 'INSTRUCTOR', '2025-02-12 15:39:46.793', '2024-12-14 15:39:46.793', '2024-12-28 15:39:46.793'),
('230c7b22-4e39-443f-a38b-617d000e5c9c', 26, '9abffa23-1173-43b2-af02-70020d39b373', 'INSTRUCTOR', '2024-04-29 15:39:46.793', '2024-11-17 15:39:46.793', '2025-01-17 15:39:46.793'),
('0b433a28-053a-4940-84f7-589123367886', 35, 'cd25bfcd-ad43-4fd1-9b47-3febb29bb7bf', 'STUDENT', '2025-01-24 15:39:46.793', '2024-09-15 15:39:46.793', NULL),
('b3d42502-050c-409c-842c-c95b613c5de3', 15, 'dfb41aba-771d-4562-b47d-26f65fedc212', 'INSTRUCTOR', '2025-01-09 15:39:46.793', '2024-10-29 15:39:46.793', '2024-11-19 15:39:46.793'),
('2b12b2ca-51f0-45b7-b492-0a8be77817c5', 37, 'a5698529-e3c9-4a72-bca0-2c2f06f88900', 'STUDENT', '2024-07-10 15:39:46.793', '2024-09-18 15:39:46.793', '2025-01-08 15:39:46.793'),
('ae0512f2-209c-49b4-a9d3-224ff1740d90', 26, '3912a6d2-97f1-4136-af22-e7da0a115ac9', 'INSTRUCTOR', '2025-01-09 15:39:46.793', '2024-10-07 15:39:46.793', NULL),
('9310d181-7650-4d8c-9896-b03cf140d902', 9, '2bd61544-cc53-4c2e-8fb5-6ca826b50106', 'STUDENT', '2024-03-07 15:39:46.793', '2024-08-28 15:39:46.793', NULL),
('13d8c9fd-125f-4b59-8906-e8d02efbd2e5', 5, 'dfb41aba-771d-4562-b47d-26f65fedc212', 'INSTRUCTOR', '2024-07-12 15:39:46.793', '2024-12-13 15:39:46.793', '2025-02-07 15:39:46.793'),
('1df60dfe-195c-4415-9038-07bc016e4ae9', 28, 'a62855ee-ef4f-4bcd-8770-199eec454a5c', 'INSTRUCTOR', '2025-01-26 15:39:46.793', '2025-01-26 15:39:46.793', '2025-01-22 15:39:46.793'),
('4738e558-96a3-435e-a7dd-b148be9dccee', 37, '43c6bde2-41d5-4dfa-a4f4-b2b47e26bf85', 'INSTRUCTOR', '2024-08-17 15:39:46.793', '2024-09-19 15:39:46.793', '2025-02-06 15:39:46.793'),
('13d8c9fd-125f-4b59-8906-e8d02efbd2e5', 4, 'dfb41aba-771d-4562-b47d-26f65fedc212', 'INSTRUCTOR', '2024-10-16 15:39:46.793', '2024-10-22 15:39:46.793', '2024-11-20 15:39:46.793'),
('a3a59a41-0abe-4fea-98d3-04a89faf368e', 18, 'b8f670d1-5c19-44c2-8b97-bb1d0a8ff97e', 'STUDENT', '2024-09-09 15:39:46.793', '2024-09-15 15:39:46.793', '2025-02-18 15:39:46.793'),
('3efd6302-09f4-47fd-b8d6-5bbde37b1b03', 12, '0899bd2f-4f23-4248-a5a4-aa4bb853e0ba', 'INSTRUCTOR', '2025-01-07 15:39:46.793', '2024-08-31 15:39:46.793', '2025-02-22 15:39:46.793'),
('2fe10a40-6a2e-4905-ad4c-98aea7750a1a', 32, 'e1a678f3-365e-4b62-bf32-dd46abdd5889', 'INSTRUCTOR', '2024-03-21 15:39:46.793', '2024-09-12 15:39:46.793', '2025-01-06 15:39:46.793'),
('7612c84a-c1fc-48e1-b237-111f5fddb211', 37, '09101d4a-6429-4f2b-a6f1-dec8ec987051', 'INSTRUCTOR', '2024-12-12 15:39:46.793', '2024-09-27 15:39:46.793', '2025-01-02 15:39:46.793'),
('01746b0a-0998-4a3d-91af-6616bf2dcd2d', 5, 'f307230a-2321-4568-888e-a1ccf11759b1', 'INSTRUCTOR', '2025-01-05 15:39:46.793', '2024-10-24 15:39:46.793', '2025-02-04 15:39:46.793'),
('9310d181-7650-4d8c-9896-b03cf140d902', 20, '2bd61544-cc53-4c2e-8fb5-6ca826b50106', 'INSTRUCTOR', '2024-11-26 15:39:46.793', '2025-01-02 15:39:46.793', '2025-01-09 15:39:46.793'),
('13d8c9fd-125f-4b59-8906-e8d02efbd2e5', 20, 'dfb41aba-771d-4562-b47d-26f65fedc212', 'STUDENT', '2024-07-09 15:39:46.793', '2024-09-25 15:39:46.793', '2024-12-25 15:39:46.793'),
('98f3532c-8187-4848-90f6-da50f684efbc', 30, '09df0e88-13de-4292-ad2e-5bc8f519f18d', 'INSTRUCTOR', '2024-05-28 15:39:46.793', '2024-11-05 15:39:46.793', NULL),
('1df60dfe-195c-4415-9038-07bc016e4ae9', 21, 'a62855ee-ef4f-4bcd-8770-199eec454a5c', 'INSTRUCTOR', '2024-06-26 15:39:46.793', '2025-01-24 15:39:46.793', NULL),
('260816c8-71f2-45e3-bfe0-f0a62acad2dd', 35, 'a62855ee-ef4f-4bcd-8770-199eec454a5c', 'STUDENT', '2024-07-13 15:39:46.793', '2024-09-01 15:39:46.793', '2025-01-21 15:39:46.793'),
('fdbfe445-778c-4487-bf16-00f29e7230d4', 7, 'f307230a-2321-4568-888e-a1ccf11759b1', 'STUDENT', '2024-11-15 15:39:46.793', '2024-09-29 15:39:46.793', NULL),
('a3a59a41-0abe-4fea-98d3-04a89faf368e', 8, 'b8f670d1-5c19-44c2-8b97-bb1d0a8ff97e', 'STUDENT', '2024-11-11 15:39:46.793', '2024-10-13 15:39:46.793', '2025-01-24 15:39:46.793'),
('5cf6d30e-d1f2-4680-9fc3-8fe7b901d38a', 15, '43c6bde2-41d5-4dfa-a4f4-b2b47e26bf85', 'STUDENT', '2024-09-11 15:39:46.793', '2025-01-27 15:39:46.793', '2024-12-15 15:39:46.793'),
('37fe65fe-3ccd-4b99-95cb-3858209731f8', 45, '0bb0197f-bbb2-4024-a59b-c1fce5d6a900', 'STUDENT', '2024-10-20 15:39:46.793', '2024-09-28 15:39:46.793', '2025-01-10 15:39:46.793'),
('ae0512f2-209c-49b4-a9d3-224ff1740d90', 36, '3912a6d2-97f1-4136-af22-e7da0a115ac9', 'INSTRUCTOR', '2024-06-03 15:39:46.793', '2024-10-26 15:39:46.793', '2025-02-21 15:39:46.793'),
('fdbfe445-778c-4487-bf16-00f29e7230d4', 34, 'f307230a-2321-4568-888e-a1ccf11759b1', 'INSTRUCTOR', '2024-07-18 15:39:46.793', '2024-12-13 15:39:46.793', NULL),
('01746b0a-0998-4a3d-91af-6616bf2dcd2d', 15, 'f307230a-2321-4568-888e-a1ccf11759b1', 'INSTRUCTOR', '2024-10-05 15:39:46.793', '2024-09-18 15:39:46.793', '2025-01-21 15:39:46.793'),
('b3d42502-050c-409c-842c-c95b613c5de3', 33, 'dfb41aba-771d-4562-b47d-26f65fedc212', 'INSTRUCTOR', '2024-08-18 15:39:46.793', '2025-02-17 15:39:46.793', '2024-12-27 15:39:46.793'),
('a9fd2a75-edbe-47f4-8dc4-c2329b7f626e', 6, '4484c7a6-c536-42ff-90a0-c0a3130e85c0', 'INSTRUCTOR', '2024-10-04 15:39:46.793', '2025-02-22 15:39:46.793', '2024-11-18 15:39:46.793'),
('3efd6302-09f4-47fd-b8d6-5bbde37b1b03', 37, '0899bd2f-4f23-4248-a5a4-aa4bb853e0ba', 'STUDENT', '2024-10-16 15:39:46.793', '2024-12-20 15:39:46.793', '2024-12-29 15:39:46.793'),
('9310d181-7650-4d8c-9896-b03cf140d902', 6, '2bd61544-cc53-4c2e-8fb5-6ca826b50106', 'INSTRUCTOR', '2025-01-09 15:39:46.793', '2024-12-20 15:39:46.793', '2024-11-24 15:39:46.793'),
('90422bbe-bfbb-407b-bc8f-d0f20a68eb63', 37, '0bb0197f-bbb2-4024-a59b-c1fce5d6a900', 'INSTRUCTOR', '2024-05-22 15:39:46.793', '2024-10-03 15:39:46.793', NULL),
('c10bc6fb-f16a-446c-9905-fe459aa17e59', 31, 'ee012f87-38b9-4337-afc0-1395e9bb9b5e', 'STUDENT', '2024-02-28 15:39:46.793', '2025-01-25 15:39:46.793', '2024-12-26 15:39:46.793'),
('230c7b22-4e39-443f-a38b-617d000e5c9c', 17, '9abffa23-1173-43b2-af02-70020d39b373', 'STUDENT', '2024-04-14 15:39:46.793', '2024-09-06 15:39:46.793', NULL),
('9f8bba00-28bb-405e-8e0c-f4a3a8bf9b41', 14, '09df0e88-13de-4292-ad2e-5bc8f519f18d', 'INSTRUCTOR', '2024-05-17 15:39:46.793', '2024-11-02 15:39:46.793', '2024-11-29 15:39:46.793'),
('2b12b2ca-51f0-45b7-b492-0a8be77817c5', 38, 'a5698529-e3c9-4a72-bca0-2c2f06f88900', 'INSTRUCTOR', '2024-09-03 15:39:46.793', '2024-09-16 15:39:46.793', '2024-12-19 15:39:46.793'),
('230c7b22-4e39-443f-a38b-617d000e5c9c', 42, '9abffa23-1173-43b2-af02-70020d39b373', 'INSTRUCTOR', '2025-01-03 15:39:46.793', '2025-02-20 15:39:46.793', '2024-11-19 15:39:46.793'),
('780ca9d4-7a14-4d79-9cba-856087c54ffa', 5, '9a81e25c-5eb9-4edb-8404-ba6ee3ae8596', 'STUDENT', '2024-08-02 15:39:46.793', '2024-10-19 15:39:46.793', '2024-12-31 15:39:46.793'),
('599b310f-4290-4dde-a23d-a1bf75f18a23', 50, '32947a35-7ebf-4b0a-9c71-b82d655a4d9d', 'INSTRUCTOR', '2024-03-17 15:39:46.793', '2024-12-04 15:39:46.793', '2024-12-11 15:39:46.793'),
('780ca9d4-7a14-4d79-9cba-856087c54ffa', 9, '9a81e25c-5eb9-4edb-8404-ba6ee3ae8596', 'STUDENT', '2024-08-14 15:39:46.793', '2024-11-04 15:39:46.793', '2025-01-18 15:39:46.793'),
('780ca9d4-7a14-4d79-9cba-856087c54ffa', 31, '9a81e25c-5eb9-4edb-8404-ba6ee3ae8596', 'INSTRUCTOR', '2024-08-18 15:39:46.793', '2024-12-13 15:39:46.793', '2024-11-16 15:39:46.793'),
('ba9f98c9-2a97-4972-93ec-99251647354c', 1, 'ee012f87-38b9-4337-afc0-1395e9bb9b5e', 'STUDENT', '2024-10-23 15:39:46.793', '2024-12-01 15:39:46.793', '2024-12-16 15:39:46.793'),
('4675ee65-e77c-43e8-a159-b9cbf2f33734', 12, '5ccd38b9-fb9e-442a-ac16-f682f28778c9', 'INSTRUCTOR', '2024-06-03 15:39:46.793', '2024-12-20 15:39:46.793', NULL),
('2b12b2ca-51f0-45b7-b492-0a8be77817c5', 41, 'a5698529-e3c9-4a72-bca0-2c2f06f88900', 'INSTRUCTOR', '2024-03-24 15:39:46.793', '2024-10-01 15:39:46.793', '2024-12-24 15:39:46.793'),
('0f871c35-f045-4321-a4e9-3d09a5e800e3', 24, '87bf8458-75a5-4727-bf15-e9ba4d2e48b6', 'STUDENT', '2025-01-15 15:39:46.793', '2025-02-20 15:39:46.793', '2025-02-14 15:39:46.793'),
('5f9ee2ac-9827-4b84-9d27-bb2372fbd313', 8, '3ca4bce1-ba96-4ff1-9e05-db1df9840694', 'INSTRUCTOR', '2024-04-16 15:39:46.793', '2024-09-26 15:39:46.793', '2024-11-20 15:39:46.793'),
('01746b0a-0998-4a3d-91af-6616bf2dcd2d', 17, 'f307230a-2321-4568-888e-a1ccf11759b1', 'INSTRUCTOR', '2024-03-03 15:39:46.793', '2025-02-09 15:39:46.793', NULL),
('1a435dbe-4a0a-4b13-bcf2-5121d33a6454', 17, '69f024a3-1507-484f-befe-925208d94210', 'STUDENT', '2024-10-14 15:39:46.793', '2025-02-02 15:39:46.793', '2024-12-03 15:39:46.793'),
('a3a59a41-0abe-4fea-98d3-04a89faf368e', 3, 'b8f670d1-5c19-44c2-8b97-bb1d0a8ff97e', 'STUDENT', '2024-09-02 15:39:46.793', '2025-02-14 15:39:46.793', '2024-11-20 15:39:46.793'),
('f9737337-2395-42ef-aafa-629ec8efadc3', 20, 'b2ad034f-6a7b-46ed-a4b2-213c0b6a1db2', 'INSTRUCTOR', '2024-04-24 15:39:46.793', '2025-01-08 15:39:46.793', NULL),
('553a589d-302c-4e3e-bcbf-5991240ecaaa', 15, '087373fb-f6c4-434a-be5e-328786edcd84', 'INSTRUCTOR', '2024-02-28 15:39:46.793', '2024-12-08 15:39:46.793', '2025-01-17 15:39:46.793'),
('5cf6d30e-d1f2-4680-9fc3-8fe7b901d38a', 36, '43c6bde2-41d5-4dfa-a4f4-b2b47e26bf85', 'STUDENT', '2024-04-28 15:39:46.793', '2024-11-19 15:39:46.793', '2024-12-24 15:39:46.793'),
('260816c8-71f2-45e3-bfe0-f0a62acad2dd', 43, 'a62855ee-ef4f-4bcd-8770-199eec454a5c', 'INSTRUCTOR', '2024-08-01 15:39:46.793', '2024-10-07 15:39:46.793', '2025-02-17 15:39:46.793'),
('a3a59a41-0abe-4fea-98d3-04a89faf368e', 4, 'b8f670d1-5c19-44c2-8b97-bb1d0a8ff97e', 'INSTRUCTOR', '2024-07-14 15:39:46.793', '2024-10-31 15:39:46.793', NULL),
('5cf6d30e-d1f2-4680-9fc3-8fe7b901d38a', 10, '43c6bde2-41d5-4dfa-a4f4-b2b47e26bf85', 'INSTRUCTOR', '2024-03-04 15:39:46.793', '2024-10-09 15:39:46.793', '2025-01-29 15:39:46.793'),
('95dde1e9-9c60-44c8-9636-e30cfeff9c4b', 10, '505893b7-94f7-4594-9e4d-2f9f95a01820', 'INSTRUCTOR', '2025-01-28 15:39:46.793', '2024-10-23 15:39:46.793', '2025-02-06 15:39:46.793'),
('f9b16b35-8cd4-416b-b399-b333810185fe', 1, '2c41cdfc-bde9-4de9-bcfe-774de82bbb7f', 'INSTRUCTOR', '2024-02-27 15:39:46.793', '2024-08-28 15:39:46.793', '2025-02-15 15:39:46.793'),
('553a589d-302c-4e3e-bcbf-5991240ecaaa', 4, '087373fb-f6c4-434a-be5e-328786edcd84', 'INSTRUCTOR', '2025-01-20 15:39:46.793', '2025-02-16 15:39:46.793', '2024-12-29 15:39:46.793'),
('37fe65fe-3ccd-4b99-95cb-3858209731f8', 31, '0bb0197f-bbb2-4024-a59b-c1fce5d6a900', 'STUDENT', '2024-05-17 15:39:46.793', '2025-02-17 15:39:46.793', '2024-12-17 15:39:46.793'),
('ba9f98c9-2a97-4972-93ec-99251647354c', 44, 'ee012f87-38b9-4337-afc0-1395e9bb9b5e', 'INSTRUCTOR', '2024-11-13 15:39:46.793', '2024-10-04 15:39:46.793', '2025-01-15 15:39:46.793'),
('01746b0a-0998-4a3d-91af-6616bf2dcd2d', 7, 'f307230a-2321-4568-888e-a1ccf11759b1', 'STUDENT', '2024-07-02 15:39:46.793', '2025-01-29 15:39:46.793', '2024-11-19 15:39:46.793'),
('7612c84a-c1fc-48e1-b237-111f5fddb211', 20, '09101d4a-6429-4f2b-a6f1-dec8ec987051', 'STUDENT', '2024-03-21 15:39:46.793', '2025-01-08 15:39:46.793', '2025-02-23 15:39:46.793'),
('9a19b7c0-6016-47d1-8706-222ae7219232', 38, 'cf0399e7-ec41-4a99-9ca3-f9f36d4dd74a', 'STUDENT', '2024-09-29 15:39:46.793', '2025-01-19 15:39:46.793', '2024-12-14 15:39:46.793'),
('ae0512f2-209c-49b4-a9d3-224ff1740d90', 15, '3912a6d2-97f1-4136-af22-e7da0a115ac9', 'STUDENT', '2024-09-22 15:39:46.793', '2025-01-19 15:39:46.793', '2024-12-05 15:39:46.793'),
('e8c5e32e-75d6-4af6-ba4c-ec563cbb1baf', 19, '69f024a3-1507-484f-befe-925208d94210', 'STUDENT', '2024-03-06 15:39:46.793', '2024-12-25 15:39:46.793', '2024-11-27 15:39:46.793'),
('02bb42d8-7942-468c-b625-8c9eda611696', 4, '09df0e88-13de-4292-ad2e-5bc8f519f18d', 'INSTRUCTOR', '2024-08-26 15:39:46.793', '2025-01-10 15:39:46.793', '2025-01-28 15:39:46.793'),
('f86dbf14-414d-4362-8a06-3615a69f5c88', 6, '3ca4bce1-ba96-4ff1-9e05-db1df9840694', 'STUDENT', '2025-01-14 15:39:46.793', '2025-01-09 15:39:46.793', '2024-12-11 15:39:46.793'),
('f86dbf14-414d-4362-8a06-3615a69f5c88', 42, '3ca4bce1-ba96-4ff1-9e05-db1df9840694', 'INSTRUCTOR', '2024-05-17 15:39:46.793', '2024-09-12 15:39:46.793', '2024-12-18 15:39:46.793'),
('f311f8a3-6822-482a-9e9c-073fa6a747ba', 14, '3912a6d2-97f1-4136-af22-e7da0a115ac9', 'STUDENT', '2024-10-04 15:39:46.793', '2024-12-18 15:39:46.793', '2024-12-12 15:39:46.793'),
('5cf6d30e-d1f2-4680-9fc3-8fe7b901d38a', 8, '43c6bde2-41d5-4dfa-a4f4-b2b47e26bf85', 'STUDENT', '2024-06-27 15:39:46.793', '2025-02-22 15:39:46.793', NULL),
('0f871c35-f045-4321-a4e9-3d09a5e800e3', 23, '87bf8458-75a5-4727-bf15-e9ba4d2e48b6', 'STUDENT', '2024-05-17 15:39:46.793', '2025-01-27 15:39:46.793', '2025-02-02 15:39:46.793'),
('a3a59a41-0abe-4fea-98d3-04a89faf368e', 35, 'b8f670d1-5c19-44c2-8b97-bb1d0a8ff97e', 'INSTRUCTOR', '2025-02-10 15:39:46.793', '2024-11-11 15:39:46.793', NULL),
('1df60dfe-195c-4415-9038-07bc016e4ae9', 44, 'a62855ee-ef4f-4bcd-8770-199eec454a5c', 'STUDENT', '2024-05-07 15:39:46.793', '2024-11-07 15:39:46.793', '2024-11-29 15:39:46.793'),
('4738e558-96a3-435e-a7dd-b148be9dccee', 17, '43c6bde2-41d5-4dfa-a4f4-b2b47e26bf85', 'STUDENT', '2024-11-19 15:39:46.793', '2024-11-27 15:39:46.793', '2024-12-13 15:39:46.793'),
('260816c8-71f2-45e3-bfe0-f0a62acad2dd', 9, 'a62855ee-ef4f-4bcd-8770-199eec454a5c', 'STUDENT', '2024-08-14 15:39:46.793', '2024-10-28 15:39:46.793', '2024-12-30 15:39:46.793'),
('c10bc6fb-f16a-446c-9905-fe459aa17e59', 33, 'ee012f87-38b9-4337-afc0-1395e9bb9b5e', 'INSTRUCTOR', '2024-10-03 15:39:46.793', '2024-12-12 15:39:46.793', '2025-01-06 15:39:46.793'),
('d0a4d7a1-b5d3-4289-9afd-4ea56d008d8d', 15, '907ba0d8-4f78-487e-98c2-ee00a06850b5', 'STUDENT', '2024-12-24 15:39:46.793', '2024-10-23 15:39:46.793', '2025-01-10 15:39:46.793'),
('2fe10a40-6a2e-4905-ad4c-98aea7750a1a', 2, 'e1a678f3-365e-4b62-bf32-dd46abdd5889', 'STUDENT', '2024-09-06 15:39:46.793', '2024-12-02 15:39:46.793', '2024-12-18 15:39:46.793'),
('a9fd2a75-edbe-47f4-8dc4-c2329b7f626e', 44, '4484c7a6-c536-42ff-90a0-c0a3130e85c0', 'INSTRUCTOR', '2024-02-27 15:39:46.793', '2025-01-09 15:39:46.793', '2025-01-07 15:39:46.793'),
('d0915ee0-9a2a-4cc7-80d7-6528b2fa05de', 9, 'a413bd53-dc55-48bd-b5ea-a72856d16278', 'STUDENT', '2024-06-27 15:39:46.793', '2024-09-10 15:39:46.793', '2024-12-26 15:39:46.793'),
('a3a59a41-0abe-4fea-98d3-04a89faf368e', 10, 'b8f670d1-5c19-44c2-8b97-bb1d0a8ff97e', 'INSTRUCTOR', '2024-07-09 15:39:46.793', '2024-09-13 15:39:46.793', NULL),
('553a589d-302c-4e3e-bcbf-5991240ecaaa', 17, '087373fb-f6c4-434a-be5e-328786edcd84', 'STUDENT', '2024-03-28 15:39:46.793', '2024-10-27 15:39:46.793', NULL),
('98f3532c-8187-4848-90f6-da50f684efbc', 28, '09df0e88-13de-4292-ad2e-5bc8f519f18d', 'STUDENT', '2024-10-25 15:39:46.793', '2024-11-06 15:39:46.793', '2024-12-20 15:39:46.793'),
('9f8bba00-28bb-405e-8e0c-f4a3a8bf9b41', 34, '09df0e88-13de-4292-ad2e-5bc8f519f18d', 'STUDENT', '2024-05-27 15:39:46.793', '2024-11-21 15:39:46.793', '2025-02-22 15:39:46.793'),
('ba9f98c9-2a97-4972-93ec-99251647354c', 3, 'ee012f87-38b9-4337-afc0-1395e9bb9b5e', 'STUDENT', '2024-12-20 15:39:46.793', '2025-01-25 15:39:46.793', NULL),
('f9737337-2395-42ef-aafa-629ec8efadc3', 45, 'b2ad034f-6a7b-46ed-a4b2-213c0b6a1db2', 'STUDENT', '2025-02-23 15:39:46.793', '2024-12-08 15:39:46.793', '2024-12-21 15:39:46.793'),
('02bb42d8-7942-468c-b625-8c9eda611696', 35, '09df0e88-13de-4292-ad2e-5bc8f519f18d', 'INSTRUCTOR', '2024-08-19 15:39:46.793', '2024-11-23 15:39:46.793', '2025-01-18 15:39:46.793'),
('d0915ee0-9a2a-4cc7-80d7-6528b2fa05de', 12, 'a413bd53-dc55-48bd-b5ea-a72856d16278', 'INSTRUCTOR', '2024-04-12 15:39:46.793', '2024-11-12 15:39:46.793', '2024-12-02 15:39:46.793'),
('98f3532c-8187-4848-90f6-da50f684efbc', 17, '09df0e88-13de-4292-ad2e-5bc8f519f18d', 'STUDENT', '2024-09-16 15:39:46.793', '2024-09-25 15:39:46.793', '2024-11-21 15:39:46.793'),
('01746b0a-0998-4a3d-91af-6616bf2dcd2d', 43, 'f307230a-2321-4568-888e-a1ccf11759b1', 'STUDENT', '2024-02-27 15:39:46.793', '2025-01-01 15:39:46.793', NULL),
('ae0512f2-209c-49b4-a9d3-224ff1740d90', 16, '3912a6d2-97f1-4136-af22-e7da0a115ac9', 'INSTRUCTOR', '2025-02-04 15:39:46.793', '2024-09-20 15:39:46.793', NULL),
('13d8c9fd-125f-4b59-8906-e8d02efbd2e5', 27, 'dfb41aba-771d-4562-b47d-26f65fedc212', 'INSTRUCTOR', '2024-04-16 15:39:46.793', '2024-11-04 15:39:46.793', '2025-02-12 15:39:46.793'),
('9f8bba00-28bb-405e-8e0c-f4a3a8bf9b41', 49, '09df0e88-13de-4292-ad2e-5bc8f519f18d', 'STUDENT', '2024-04-28 15:39:46.793', '2025-01-13 15:39:46.793', '2024-11-17 15:39:46.793'),
('1bcb1bea-d77d-490c-9f86-832cd1bfcb74', 21, 'f1f42eb9-034b-452f-8ef2-c27cf3afea1f', 'INSTRUCTOR', '2024-03-27 15:39:46.793', '2024-09-27 15:39:46.793', '2024-11-30 15:39:46.793'),
('0f871c35-f045-4321-a4e9-3d09a5e800e3', 27, '87bf8458-75a5-4727-bf15-e9ba4d2e48b6', 'INSTRUCTOR', '2024-12-23 15:39:46.793', '2024-09-05 15:39:46.793', NULL),
('1bcb1bea-d77d-490c-9f86-832cd1bfcb74', 42, 'f1f42eb9-034b-452f-8ef2-c27cf3afea1f', 'STUDENT', '2025-02-03 15:39:46.793', '2025-02-06 15:39:46.793', '2025-01-06 15:39:46.793'),
('2b12b2ca-51f0-45b7-b492-0a8be77817c5', 6, 'a5698529-e3c9-4a72-bca0-2c2f06f88900', 'STUDENT', '2024-11-23 15:39:46.793', '2025-01-13 15:39:46.793', '2025-01-23 15:39:46.793'),
('138b7f00-6cef-471a-b9c2-6f27010630e9', 48, 'cbeb0606-8d5d-4ddc-a158-63a13d983292', 'INSTRUCTOR', '2024-07-03 15:39:46.793', '2024-12-18 15:39:46.793', NULL),
('4738e558-96a3-435e-a7dd-b148be9dccee', 46, '43c6bde2-41d5-4dfa-a4f4-b2b47e26bf85', 'STUDENT', '2024-06-09 15:39:46.793', '2024-10-07 15:39:46.793', '2025-02-06 15:39:46.793'),
('3efd6302-09f4-47fd-b8d6-5bbde37b1b03', 35, '0899bd2f-4f23-4248-a5a4-aa4bb853e0ba', 'STUDENT', '2024-10-13 15:39:46.793', '2025-02-02 15:39:46.793', '2024-11-22 15:39:46.793'),
('4675ee65-e77c-43e8-a159-b9cbf2f33734', 7, '5ccd38b9-fb9e-442a-ac16-f682f28778c9', 'INSTRUCTOR', '2024-06-21 15:39:46.793', '2024-11-18 15:39:46.793', '2025-02-22 15:39:46.793'),
('98f3532c-8187-4848-90f6-da50f684efbc', 23, '09df0e88-13de-4292-ad2e-5bc8f519f18d', 'INSTRUCTOR', '2024-06-04 15:39:46.793', '2024-09-06 15:39:46.793', '2024-11-20 15:39:46.793'),
('1df60dfe-195c-4415-9038-07bc016e4ae9', 39, 'a62855ee-ef4f-4bcd-8770-199eec454a5c', 'INSTRUCTOR', '2024-05-24 15:39:46.793', '2024-10-31 15:39:46.793', '2024-12-05 15:39:46.793'),
('95dde1e9-9c60-44c8-9636-e30cfeff9c4b', 2, '505893b7-94f7-4594-9e4d-2f9f95a01820', 'INSTRUCTOR', '2024-12-12 15:39:46.793', '2024-12-31 15:39:46.793', '2024-12-21 15:39:46.793'),
('599b310f-4290-4dde-a23d-a1bf75f18a23', 7, '32947a35-7ebf-4b0a-9c71-b82d655a4d9d', 'STUDENT', '2024-05-27 15:39:46.793', '2024-09-12 15:39:46.793', '2024-12-28 15:39:46.793'),
('13d8c9fd-125f-4b59-8906-e8d02efbd2e5', 39, 'dfb41aba-771d-4562-b47d-26f65fedc212', 'STUDENT', '2024-11-11 15:39:46.793', '2024-10-27 15:39:46.793', NULL),
('c10bc6fb-f16a-446c-9905-fe459aa17e59', 44, 'ee012f87-38b9-4337-afc0-1395e9bb9b5e', 'STUDENT', '2024-08-18 15:39:46.793', '2024-11-20 15:39:46.793', '2025-02-09 15:39:46.793'),
('95dde1e9-9c60-44c8-9636-e30cfeff9c4b', 40, '505893b7-94f7-4594-9e4d-2f9f95a01820', 'STUDENT', '2024-06-01 15:39:46.793', '2024-11-09 15:39:46.793', '2024-12-26 15:39:46.793'),
('d0915ee0-9a2a-4cc7-80d7-6528b2fa05de', 20, 'a413bd53-dc55-48bd-b5ea-a72856d16278', 'INSTRUCTOR', '2024-04-16 15:39:46.793', '2025-01-04 15:39:46.793', NULL),
('4738e558-96a3-435e-a7dd-b148be9dccee', 42, '43c6bde2-41d5-4dfa-a4f4-b2b47e26bf85', 'STUDENT', '2025-01-15 15:39:46.793', '2025-01-29 15:39:46.793', '2024-11-22 15:39:46.793'),
('260816c8-71f2-45e3-bfe0-f0a62acad2dd', 1, 'a62855ee-ef4f-4bcd-8770-199eec454a5c', 'INSTRUCTOR', '2024-11-27 15:39:46.793', '2024-11-29 15:39:46.793', '2024-12-22 15:39:46.793'),
('780ca9d4-7a14-4d79-9cba-856087c54ffa', 26, '9a81e25c-5eb9-4edb-8404-ba6ee3ae8596', 'STUDENT', '2024-06-20 15:39:46.793', '2024-10-27 15:39:46.793', '2024-12-23 15:39:46.793'),
('4738e558-96a3-435e-a7dd-b148be9dccee', 21, '43c6bde2-41d5-4dfa-a4f4-b2b47e26bf85', 'STUDENT', '2024-07-07 15:39:46.793', '2024-12-11 15:39:46.793', NULL),
('2b12b2ca-51f0-45b7-b492-0a8be77817c5', 49, 'a5698529-e3c9-4a72-bca0-2c2f06f88900', 'STUDENT', '2025-01-14 15:39:46.793', '2024-11-17 15:39:46.793', NULL),
('d9bcd15e-2b39-47a1-8516-9f46112e7538', 37, '6434bfaf-b3c2-4b53-974a-2b7b46f21f2b', 'STUDENT', '2024-06-21 15:39:46.793', '2024-10-08 15:39:46.793', NULL),
('a3a59a41-0abe-4fea-98d3-04a89faf368e', 7, 'b8f670d1-5c19-44c2-8b97-bb1d0a8ff97e', 'INSTRUCTOR', '2024-06-18 15:39:46.793', '2024-08-29 15:39:46.793', NULL),
('138b7f00-6cef-471a-b9c2-6f27010630e9', 24, 'cbeb0606-8d5d-4ddc-a158-63a13d983292', 'INSTRUCTOR', '2024-07-03 15:39:46.793', '2025-02-15 15:39:46.793', '2024-12-30 15:39:46.793'),
('95dde1e9-9c60-44c8-9636-e30cfeff9c4b', 41, '505893b7-94f7-4594-9e4d-2f9f95a01820', 'INSTRUCTOR', '2024-09-16 15:39:46.793', '2025-01-01 15:39:46.793', '2024-12-31 15:39:46.793'),
('4738e558-96a3-435e-a7dd-b148be9dccee', 31, '43c6bde2-41d5-4dfa-a4f4-b2b47e26bf85', 'STUDENT', '2024-05-25 15:39:46.793', '2025-02-14 15:39:46.793', '2025-01-31 15:39:46.793'),
('37fe65fe-3ccd-4b99-95cb-3858209731f8', 8, '0bb0197f-bbb2-4024-a59b-c1fce5d6a900', 'INSTRUCTOR', '2024-04-21 15:39:46.793', '2024-10-26 15:39:46.793', '2025-01-05 15:39:46.793'),
('5f3641a6-c3ad-4972-b62b-db8fb5dab9ce', 44, 'e1a678f3-365e-4b62-bf32-dd46abdd5889', 'STUDENT', '2024-09-27 15:39:46.793', '2024-11-16 15:39:46.793', '2025-01-21 15:39:46.793'),
('260816c8-71f2-45e3-bfe0-f0a62acad2dd', 33, 'a62855ee-ef4f-4bcd-8770-199eec454a5c', 'STUDENT', '2024-10-17 15:39:46.793', '2024-10-31 15:39:46.793', '2025-02-11 15:39:46.793'),
('e8c5e32e-75d6-4af6-ba4c-ec563cbb1baf', 39, '69f024a3-1507-484f-befe-925208d94210', 'STUDENT', '2024-08-01 15:39:46.793', '2024-10-23 15:39:46.793', '2025-02-09 15:39:46.793'),
('74b530e0-8a9d-4cdf-89da-a1cce61f9399', 5, 'dfb41aba-771d-4562-b47d-26f65fedc212', 'INSTRUCTOR', '2024-03-07 15:39:46.793', '2025-01-27 15:39:46.793', '2025-02-20 15:39:46.793'),
('5f9ee2ac-9827-4b84-9d27-bb2372fbd313', 6, '3ca4bce1-ba96-4ff1-9e05-db1df9840694', 'STUDENT', '2024-10-14 15:39:46.793', '2024-11-09 15:39:46.793', '2025-01-02 15:39:46.793'),
('9310d181-7650-4d8c-9896-b03cf140d902', 8, '2bd61544-cc53-4c2e-8fb5-6ca826b50106', 'STUDENT', '2024-03-24 15:39:46.793', '2024-09-27 15:39:46.793', NULL),
('ae0512f2-209c-49b4-a9d3-224ff1740d90', 12, '3912a6d2-97f1-4136-af22-e7da0a115ac9', 'INSTRUCTOR', '2024-11-30 15:39:46.793', '2024-11-17 15:39:46.793', '2024-12-04 15:39:46.793'),
('780ca9d4-7a14-4d79-9cba-856087c54ffa', 48, '9a81e25c-5eb9-4edb-8404-ba6ee3ae8596', 'STUDENT', '2024-08-24 15:39:46.793', '2024-11-28 15:39:46.793', NULL),
('0f871c35-f045-4321-a4e9-3d09a5e800e3', 6, '87bf8458-75a5-4727-bf15-e9ba4d2e48b6', 'INSTRUCTOR', '2024-08-23 15:39:46.793', '2025-02-09 15:39:46.793', NULL),
('230c7b22-4e39-443f-a38b-617d000e5c9c', 22, '9abffa23-1173-43b2-af02-70020d39b373', 'INSTRUCTOR', '2024-12-19 15:39:46.793', '2024-11-23 15:39:46.793', NULL),
('13d8c9fd-125f-4b59-8906-e8d02efbd2e5', 12, 'dfb41aba-771d-4562-b47d-26f65fedc212', 'STUDENT', '2024-05-06 15:39:46.793', '2024-12-02 15:39:46.793', '2025-02-20 15:39:46.793'),
('1a435dbe-4a0a-4b13-bcf2-5121d33a6454', 16, '69f024a3-1507-484f-befe-925208d94210', 'INSTRUCTOR', '2024-07-24 15:39:46.793', '2025-01-21 15:39:46.793', '2025-01-19 15:39:46.793'),
('90422bbe-bfbb-407b-bc8f-d0f20a68eb63', 21, '0bb0197f-bbb2-4024-a59b-c1fce5d6a900', 'STUDENT', '2024-04-02 15:39:46.793', '2025-01-24 15:39:46.793', '2025-01-23 15:39:46.793'),
('a9fd2a75-edbe-47f4-8dc4-c2329b7f626e', 8, '4484c7a6-c536-42ff-90a0-c0a3130e85c0', 'INSTRUCTOR', '2024-12-31 15:39:46.793', '2024-10-16 15:39:46.793', '2024-11-27 15:39:46.793'),
('5f9ee2ac-9827-4b84-9d27-bb2372fbd313', 11, '3ca4bce1-ba96-4ff1-9e05-db1df9840694', 'INSTRUCTOR', '2025-01-15 15:39:46.793', '2024-12-27 15:39:46.793', '2025-01-02 15:39:46.793'),
('74b530e0-8a9d-4cdf-89da-a1cce61f9399', 16, 'dfb41aba-771d-4562-b47d-26f65fedc212', 'STUDENT', '2025-01-19 15:39:46.793', '2024-12-07 15:39:46.793', NULL),
('ba9f98c9-2a97-4972-93ec-99251647354c', 16, 'ee012f87-38b9-4337-afc0-1395e9bb9b5e', 'INSTRUCTOR', '2024-11-24 15:39:46.793', '2024-12-21 15:39:46.793', '2025-01-20 15:39:46.793'),
('fdbfe445-778c-4487-bf16-00f29e7230d4', 46, 'f307230a-2321-4568-888e-a1ccf11759b1', 'INSTRUCTOR', '2024-06-30 15:39:46.793', '2024-12-29 15:39:46.793', '2025-01-27 15:39:46.793'),
('5f3641a6-c3ad-4972-b62b-db8fb5dab9ce', 50, 'e1a678f3-365e-4b62-bf32-dd46abdd5889', 'STUDENT', '2025-01-31 15:39:46.793', '2025-01-02 15:39:46.793', '2025-01-30 15:39:46.793'),
('9a19b7c0-6016-47d1-8706-222ae7219232', 6, 'cf0399e7-ec41-4a99-9ca3-f9f36d4dd74a', 'INSTRUCTOR', '2024-12-31 15:39:46.793', '2024-11-20 15:39:46.793', '2025-01-19 15:39:46.793'),
('8fcdd24f-12ff-4ab1-8744-7c2571df86bb', 43, 'cd25bfcd-ad43-4fd1-9b47-3febb29bb7bf', 'INSTRUCTOR', '2024-10-08 15:39:46.793', '2024-11-07 15:39:46.793', '2024-12-11 15:39:46.793'),
('3efd6302-09f4-47fd-b8d6-5bbde37b1b03', 42, '0899bd2f-4f23-4248-a5a4-aa4bb853e0ba', 'INSTRUCTOR', '2024-10-12 15:39:46.793', '2024-09-15 15:39:46.793', NULL),
('1a435dbe-4a0a-4b13-bcf2-5121d33a6454', 31, '69f024a3-1507-484f-befe-925208d94210', 'STUDENT', '2024-07-27 15:39:46.793', '2024-12-27 15:39:46.793', NULL),
('74b530e0-8a9d-4cdf-89da-a1cce61f9399', 26, 'dfb41aba-771d-4562-b47d-26f65fedc212', 'INSTRUCTOR', '2024-06-23 15:39:46.793', '2024-10-29 15:39:46.793', '2025-02-20 15:39:46.793'),
('4738e558-96a3-435e-a7dd-b148be9dccee', 6, '43c6bde2-41d5-4dfa-a4f4-b2b47e26bf85', 'INSTRUCTOR', '2024-10-25 15:39:46.793', '2024-10-18 15:39:46.793', '2024-12-25 15:39:46.793'),
('553a589d-302c-4e3e-bcbf-5991240ecaaa', 21, '087373fb-f6c4-434a-be5e-328786edcd84', 'STUDENT', '2025-01-21 15:39:46.793', '2024-10-14 15:39:46.793', '2024-12-26 15:39:46.793'),
('b3d42502-050c-409c-842c-c95b613c5de3', 44, 'dfb41aba-771d-4562-b47d-26f65fedc212', 'STUDENT', '2024-10-15 15:39:46.793', '2025-02-22 15:39:46.793', '2024-11-26 15:39:46.793'),
('fdbfe445-778c-4487-bf16-00f29e7230d4', 28, 'f307230a-2321-4568-888e-a1ccf11759b1', 'STUDENT', '2025-02-10 15:39:46.793', '2024-11-30 15:39:46.793', '2025-01-04 15:39:46.793'),
('780ca9d4-7a14-4d79-9cba-856087c54ffa', 38, '9a81e25c-5eb9-4edb-8404-ba6ee3ae8596', 'STUDENT', '2024-04-01 15:39:46.793', '2025-02-01 15:39:46.793', NULL),
('e8c5e32e-75d6-4af6-ba4c-ec563cbb1baf', 3, '69f024a3-1507-484f-befe-925208d94210', 'STUDENT', '2024-08-05 15:39:46.793', '2025-02-14 15:39:46.793', '2025-01-20 15:39:46.793'),
('f311f8a3-6822-482a-9e9c-073fa6a747ba', 48, '3912a6d2-97f1-4136-af22-e7da0a115ac9', 'STUDENT', '2024-09-16 15:39:46.793', '2024-12-23 15:39:46.793', '2025-02-05 15:39:46.793'),
('6b00fbe2-7eb0-4dd3-9d7e-e45d3b098993', 2, 'f0a04058-93bb-48a0-8270-39bf7400c530', 'STUDENT', '2024-12-17 15:39:46.793', '2024-11-04 15:39:46.793', '2025-02-08 15:39:46.793'),
('f9737337-2395-42ef-aafa-629ec8efadc3', 13, 'b2ad034f-6a7b-46ed-a4b2-213c0b6a1db2', 'STUDENT', '2024-09-23 15:39:46.793', '2024-12-29 15:39:46.793', NULL);

INSERT INTO classroom_schedule_date (classroom_uid, due_at, created_at, updated_at, reminded_at, deleted_at) VALUES
('cd25bfcd-ad43-4fd1-9b47-3febb29bb7bf', '2025-03-01 15:39:46.793', '2025-02-23 15:39:46.793', '2024-11-17 15:39:46.793', '2025-02-01 15:39:46.793', NULL),
('43c6bde2-41d5-4dfa-a4f4-b2b47e26bf85', '2025-05-24 15:39:46.793', '2025-02-15 15:39:46.793', '2024-09-12 15:39:46.793', '2025-02-11 15:39:46.793', '2025-02-07 15:39:46.793'),
('1af63b76-019c-4298-baf2-b4d6fca5f003', '2025-03-22 15:39:46.793', '2024-04-29 15:39:46.793', '2024-10-17 15:39:46.793', '2025-02-15 15:39:46.793', '2025-01-01 15:39:46.793'),
('9a81e25c-5eb9-4edb-8404-ba6ee3ae8596', '2026-01-15 15:39:46.793', '2024-03-25 15:39:46.793', '2024-10-14 15:39:46.793', '2025-02-18 15:39:46.793', '2025-02-13 15:39:46.793'),
('d7906836-4847-48a0-b4f9-e94333d18292', '2025-09-20 15:39:46.793', '2024-12-24 15:39:46.793', '2025-01-23 15:39:46.793', NULL, '2025-01-27 15:39:46.793'),
('03b5e0f9-b669-4e6f-ac08-95d057606a05', '2025-10-22 15:39:46.793', '2024-12-19 15:39:46.793', '2024-12-05 15:39:46.793', '2025-02-19 15:39:46.793', '2024-12-12 15:39:46.793'),
('65dd3b34-a076-40a8-9256-960e1e0f7c85', '2025-05-09 15:39:46.793', '2024-09-02 15:39:46.793', '2024-12-27 15:39:46.793', '2025-02-12 15:39:46.793', NULL),
('9b1107aa-e12a-4c53-84de-76a3503f5497', '2025-03-09 15:39:46.793', '2024-09-08 15:39:46.793', '2025-02-21 15:39:46.793', '2025-02-11 15:39:46.793', '2025-01-05 15:39:46.793'),
('4e26831b-4b96-4244-9642-664f479f1ed7', '2026-01-29 15:39:46.793', '2024-07-19 15:39:46.793', '2024-10-15 15:39:46.793', '2025-02-22 15:39:46.793', '2024-12-22 15:39:46.793'),
('b2ad034f-6a7b-46ed-a4b2-213c0b6a1db2', '2026-01-06 15:39:46.793', '2024-04-15 15:39:46.793', '2024-09-18 15:39:46.793', '2025-02-19 15:39:46.793', '2025-01-11 15:39:46.793'),
('636ab7eb-3b3e-4059-ab69-58c84e703f0b', '2025-09-21 15:39:46.793', '2024-03-10 15:39:46.793', '2025-01-01 15:39:46.793', NULL, '2025-02-09 15:39:46.793'),
('a49ed342-2bcf-4397-8ff2-94f7a4bd3ce5', '2025-06-29 15:39:46.793', '2024-04-24 15:39:46.793', '2024-11-25 15:39:46.793', '2025-02-15 15:39:46.793', '2024-12-01 15:39:46.793'),
('b8f670d1-5c19-44c2-8b97-bb1d0a8ff97e', '2025-12-02 15:39:46.793', '2024-12-06 15:39:46.793', '2024-11-05 15:39:46.793', '2025-01-31 15:39:46.793', '2025-01-02 15:39:46.793'),
('43c6bde2-41d5-4dfa-a4f4-b2b47e26bf85', '2025-04-30 15:39:46.793', '2024-09-03 15:39:46.793', '2025-02-18 15:39:46.793', NULL, NULL),
('087373fb-f6c4-434a-be5e-328786edcd84', '2025-09-06 15:39:46.793', '2024-12-07 15:39:46.793', '2024-10-21 15:39:46.793', NULL, '2024-11-26 15:39:46.793'),
('3ca4bce1-ba96-4ff1-9e05-db1df9840694', '2026-01-24 15:39:46.793', '2024-05-24 15:39:46.793', '2024-12-08 15:39:46.793', NULL, '2025-01-17 15:39:46.793'),
('a413bd53-dc55-48bd-b5ea-a72856d16278', '2025-05-18 15:39:46.793', '2024-07-09 15:39:46.793', '2024-12-27 15:39:46.793', '2025-02-15 15:39:46.793', '2025-01-02 15:39:46.793'),
('09101d4a-6429-4f2b-a6f1-dec8ec987051', '2025-10-05 15:39:46.793', '2024-11-18 15:39:46.793', '2024-12-15 15:39:46.793', '2025-02-13 15:39:46.793', '2024-12-06 15:39:46.793'),
('d7906836-4847-48a0-b4f9-e94333d18292', '2025-11-01 15:39:46.793', '2025-01-16 15:39:46.793', '2025-02-24 15:39:46.793', '2025-01-30 15:39:46.793', '2024-12-02 15:39:46.793'),
('3912a6d2-97f1-4136-af22-e7da0a115ac9', '2025-08-12 15:39:46.793', '2025-01-29 15:39:46.793', '2024-12-28 15:39:46.793', '2025-02-14 15:39:46.793', '2024-11-16 15:39:46.793'),
('ee012f87-38b9-4337-afc0-1395e9bb9b5e', '2025-07-02 15:39:46.793', '2025-01-20 15:39:46.793', '2024-11-22 15:39:46.793', '2025-02-09 15:39:46.793', '2024-11-20 15:39:46.793'),
('a49ed342-2bcf-4397-8ff2-94f7a4bd3ce5', '2025-03-17 15:39:46.793', '2025-01-07 15:39:46.793', '2024-11-16 15:39:46.793', '2025-01-27 15:39:46.793', NULL),
('a2607dbf-d7e7-4288-a2e9-c923d96a9c5c', '2025-09-23 15:39:46.793', '2025-02-08 15:39:46.793', '2025-01-02 15:39:46.793', '2025-02-01 15:39:46.793', '2025-01-10 15:39:46.793'),
('f307230a-2321-4568-888e-a1ccf11759b1', '2025-06-30 15:39:46.793', '2024-04-20 15:39:46.793', '2025-01-20 15:39:46.793', NULL, '2025-01-27 15:39:46.793'),
('03b5e0f9-b669-4e6f-ac08-95d057606a05', '2025-04-12 15:39:46.793', '2024-06-18 15:39:46.793', '2024-08-29 15:39:46.793', '2025-02-19 15:39:46.793', '2025-01-02 15:39:46.793'),
('b2ad034f-6a7b-46ed-a4b2-213c0b6a1db2', '2026-01-28 15:39:46.793', '2024-03-01 15:39:46.793', '2024-09-25 15:39:46.793', '2025-01-28 15:39:46.793', '2024-12-17 15:39:46.793'),
('03b5e0f9-b669-4e6f-ac08-95d057606a05', '2026-01-29 15:39:46.793', '2024-12-12 15:39:46.793', '2024-11-24 15:39:46.793', '2025-02-02 15:39:46.793', '2025-02-10 15:39:46.793'),
('f1f42eb9-034b-452f-8ef2-c27cf3afea1f', '2026-02-12 15:39:46.793', '2024-04-13 15:39:46.793', '2025-02-08 15:39:46.793', '2025-02-12 15:39:46.793', '2025-01-02 15:39:46.793'),
('3ca4bce1-ba96-4ff1-9e05-db1df9840694', '2025-11-11 15:39:46.793', '2024-05-23 15:39:46.793', '2024-11-29 15:39:46.793', '2025-01-25 15:39:46.793', '2025-01-08 15:39:46.793'),
('03b5e0f9-b669-4e6f-ac08-95d057606a05', '2025-09-16 15:39:46.793', '2024-08-12 15:39:46.793', '2024-10-04 15:39:46.793', '2025-01-29 15:39:46.793', '2025-01-08 15:39:46.793'),
('0899bd2f-4f23-4248-a5a4-aa4bb853e0ba', '2025-04-23 15:39:46.793', '2024-04-26 15:39:46.793', '2025-01-20 15:39:46.793', NULL, '2025-02-17 15:39:46.793'),
('cd25bfcd-ad43-4fd1-9b47-3febb29bb7bf', '2025-09-24 15:39:46.793', '2024-03-06 15:39:46.793', '2024-11-15 15:39:46.793', NULL, NULL),
('09df0e88-13de-4292-ad2e-5bc8f519f18d', '2025-05-11 15:39:46.793', '2025-01-29 15:39:46.793', '2024-10-24 15:39:46.793', NULL, '2024-11-17 15:39:46.793'),
('505893b7-94f7-4594-9e4d-2f9f95a01820', '2025-07-12 15:39:46.793', '2024-09-24 15:39:46.793', '2024-09-09 15:39:46.793', '2025-01-28 15:39:46.793', '2024-12-12 15:39:46.793'),
('e1a678f3-365e-4b62-bf32-dd46abdd5889', '2025-12-05 15:39:46.793', '2024-12-22 15:39:46.793', '2024-09-09 15:39:46.793', '2025-02-03 15:39:46.793', '2024-12-01 15:39:46.793'),
('907ba0d8-4f78-487e-98c2-ee00a06850b5', '2026-01-18 15:39:46.793', '2025-02-03 15:39:46.793', '2025-02-22 15:39:46.793', NULL, '2025-01-24 15:39:46.793'),
('f7c7f78c-9803-4804-a6bc-8a35b122fc9c', '2025-04-01 15:39:46.793', '2024-05-30 15:39:46.793', '2024-11-03 15:39:46.793', '2025-02-16 15:39:46.793', '2025-01-16 15:39:46.793'),
('43c6bde2-41d5-4dfa-a4f4-b2b47e26bf85', '2025-07-29 15:39:46.793', '2024-05-26 15:39:46.793', '2024-11-30 15:39:46.793', '2025-01-31 15:39:46.793', '2024-12-16 15:39:46.793'),
('9b1107aa-e12a-4c53-84de-76a3503f5497', '2026-01-28 15:39:46.793', '2024-06-05 15:39:46.793', '2024-10-29 15:39:46.793', NULL, '2025-01-29 15:39:46.793'),
('f7c7f78c-9803-4804-a6bc-8a35b122fc9c', '2026-02-03 15:39:46.793', '2024-06-15 15:39:46.793', '2025-02-21 15:39:46.793', NULL, '2025-01-25 15:39:46.793'),
('65dd3b34-a076-40a8-9256-960e1e0f7c85', '2025-11-10 15:39:46.793', '2024-05-15 15:39:46.793', '2024-09-22 15:39:46.793', NULL, '2025-01-22 15:39:46.793'),
('a2607dbf-d7e7-4288-a2e9-c923d96a9c5c', '2025-09-14 15:39:46.793', '2024-07-22 15:39:46.793', '2025-01-01 15:39:46.793', NULL, '2024-12-18 15:39:46.793'),
('09101d4a-6429-4f2b-a6f1-dec8ec987051', '2025-09-27 15:39:46.793', '2024-11-19 15:39:46.793', '2025-02-13 15:39:46.793', NULL, '2024-12-21 15:39:46.793'),
('0bb0197f-bbb2-4024-a59b-c1fce5d6a900', '2026-01-02 15:39:46.793', '2024-08-04 15:39:46.793', '2025-01-12 15:39:46.793', '2025-02-07 15:39:46.793', NULL),
('b2ad034f-6a7b-46ed-a4b2-213c0b6a1db2', '2025-03-26 15:39:46.793', '2024-03-20 15:39:46.793', '2025-02-03 15:39:46.793', '2025-02-17 15:39:46.793', '2025-01-13 15:39:46.793'),
('ee012f87-38b9-4337-afc0-1395e9bb9b5e', '2025-11-27 15:39:46.793', '2024-08-09 15:39:46.793', '2024-10-02 15:39:46.793', '2025-02-09 15:39:46.793', '2024-11-24 15:39:46.793'),
('03b5e0f9-b669-4e6f-ac08-95d057606a05', '2025-05-04 15:39:46.793', '2024-08-21 15:39:46.793', '2024-10-06 15:39:46.793', NULL, '2025-01-16 15:39:46.793'),
('9abffa23-1173-43b2-af02-70020d39b373', '2026-01-21 15:39:46.793', '2024-08-16 15:39:46.793', '2024-10-12 15:39:46.793', NULL, '2024-12-05 15:39:46.793'),
('a62855ee-ef4f-4bcd-8770-199eec454a5c', '2025-07-01 15:39:46.793', '2025-01-21 15:39:46.793', '2025-01-31 15:39:46.793', '2025-02-05 15:39:46.793', '2025-01-04 15:39:46.793'),
('32947a35-7ebf-4b0a-9c71-b82d655a4d9d', '2025-10-27 15:39:46.793', '2025-02-05 15:39:46.793', '2025-02-15 15:39:46.793', '2025-02-12 15:39:46.793', '2025-01-26 15:39:46.793');

INSERT INTO classroom_schedule_date_item (classroom_uid, due_at, spineIdRef, label) VALUES
('a2607dbf-d7e7-4288-a2e9-c923d96a9c5c', '2025-09-14 15:39:46.793', 'spineRef1', 'Lesson 4'),
('636ab7eb-3b3e-4059-ab69-58c84e703f0b', '2025-09-21 15:39:46.793', 'spineRef2', 'Lesson 20'),
('a62855ee-ef4f-4bcd-8770-199eec454a5c', '2025-07-01 15:39:46.793', 'spineRef3', 'Lesson 5'),
('b2ad034f-6a7b-46ed-a4b2-213c0b6a1db2', '2025-03-26 15:39:46.793', 'spineRef4', 'Lesson 19'),
('9a81e25c-5eb9-4edb-8404-ba6ee3ae8596', '2026-01-15 15:39:46.793', 'spineRef5', 'Lesson 2'),
('b8f670d1-5c19-44c2-8b97-bb1d0a8ff97e', '2025-12-02 15:39:46.793', 'spineRef6', 'Lesson 7'),
('d7906836-4847-48a0-b4f9-e94333d18292', '2025-11-01 15:39:46.793', 'spineRef7', 'Lesson 8'),
('a2607dbf-d7e7-4288-a2e9-c923d96a9c5c', '2025-09-14 15:39:46.793', 'spineRef8', 'Lesson 19'),
('b2ad034f-6a7b-46ed-a4b2-213c0b6a1db2', '2026-01-28 15:39:46.793', 'spineRef9', 'Lesson 10'),
('e1a678f3-365e-4b62-bf32-dd46abdd5889', '2025-12-05 15:39:46.793', 'spineRef10', 'Lesson 2'),
('0899bd2f-4f23-4248-a5a4-aa4bb853e0ba', '2025-04-23 15:39:46.793', 'spineRef11', 'Lesson 10'),
('65dd3b34-a076-40a8-9256-960e1e0f7c85', '2025-05-09 15:39:46.793', 'spineRef12', 'Lesson 9'),
('43c6bde2-41d5-4dfa-a4f4-b2b47e26bf85', '2025-04-30 15:39:46.793', 'spineRef13', 'Lesson 1'),
('43c6bde2-41d5-4dfa-a4f4-b2b47e26bf85', '2025-05-24 15:39:46.793', 'spineRef14', 'Lesson 6'),
('65dd3b34-a076-40a8-9256-960e1e0f7c85', '2025-05-09 15:39:46.793', 'spineRef15', 'Lesson 4'),
('f1f42eb9-034b-452f-8ef2-c27cf3afea1f', '2026-02-12 15:39:46.793', 'spineRef16', 'Lesson 19'),
('b2ad034f-6a7b-46ed-a4b2-213c0b6a1db2', '2026-01-06 15:39:46.793', 'spineRef17', 'Lesson 6'),
('09df0e88-13de-4292-ad2e-5bc8f519f18d', '2025-05-11 15:39:46.793', 'spineRef18', 'Lesson 10'),
('ee012f87-38b9-4337-afc0-1395e9bb9b5e', '2025-11-27 15:39:46.793', 'spineRef19', 'Lesson 2'),
('03b5e0f9-b669-4e6f-ac08-95d057606a05', '2025-10-22 15:39:46.793', 'spineRef20', 'Lesson 2'),
('b2ad034f-6a7b-46ed-a4b2-213c0b6a1db2', '2025-03-26 15:39:46.793', 'spineRef21', 'Lesson 9'),
('3912a6d2-97f1-4136-af22-e7da0a115ac9', '2025-08-12 15:39:46.793', 'spineRef22', 'Lesson 13'),
('a2607dbf-d7e7-4288-a2e9-c923d96a9c5c', '2025-09-23 15:39:46.793', 'spineRef23', 'Lesson 11'),
('43c6bde2-41d5-4dfa-a4f4-b2b47e26bf85', '2025-04-30 15:39:46.793', 'spineRef24', 'Lesson 20'),
('9abffa23-1173-43b2-af02-70020d39b373', '2026-01-21 15:39:46.793', 'spineRef25', 'Lesson 2'),
('636ab7eb-3b3e-4059-ab69-58c84e703f0b', '2025-09-21 15:39:46.793', 'spineRef26', 'Lesson 9'),
('a2607dbf-d7e7-4288-a2e9-c923d96a9c5c', '2025-09-23 15:39:46.793', 'spineRef27', 'Lesson 19'),
('0bb0197f-bbb2-4024-a59b-c1fce5d6a900', '2026-01-02 15:39:46.793', 'spineRef28', 'Lesson 15'),
('a2607dbf-d7e7-4288-a2e9-c923d96a9c5c', '2025-09-14 15:39:46.793', 'spineRef29', 'Lesson 17'),
('09101d4a-6429-4f2b-a6f1-dec8ec987051', '2025-09-27 15:39:46.793', 'spineRef30', 'Lesson 14'),
('43c6bde2-41d5-4dfa-a4f4-b2b47e26bf85', '2025-04-30 15:39:46.793', 'spineRef31', 'Lesson 17'),
('65dd3b34-a076-40a8-9256-960e1e0f7c85', '2025-05-09 15:39:46.793', 'spineRef32', 'Lesson 20'),
('3ca4bce1-ba96-4ff1-9e05-db1df9840694', '2025-11-11 15:39:46.793', 'spineRef33', 'Lesson 7'),
('9a81e25c-5eb9-4edb-8404-ba6ee3ae8596', '2026-01-15 15:39:46.793', 'spineRef34', 'Lesson 1'),
('43c6bde2-41d5-4dfa-a4f4-b2b47e26bf85', '2025-07-29 15:39:46.793', 'spineRef35', 'Lesson 12'),
('32947a35-7ebf-4b0a-9c71-b82d655a4d9d', '2025-10-27 15:39:46.793', 'spineRef36', 'Lesson 1'),
('9abffa23-1173-43b2-af02-70020d39b373', '2026-01-21 15:39:46.793', 'spineRef37', 'Lesson 5'),
('907ba0d8-4f78-487e-98c2-ee00a06850b5', '2026-01-18 15:39:46.793', 'spineRef38', 'Lesson 11'),
('ee012f87-38b9-4337-afc0-1395e9bb9b5e', '2025-07-02 15:39:46.793', 'spineRef39', 'Lesson 2'),
('f7c7f78c-9803-4804-a6bc-8a35b122fc9c', '2025-04-01 15:39:46.793', 'spineRef40', 'Lesson 7'),
('43c6bde2-41d5-4dfa-a4f4-b2b47e26bf85', '2025-05-24 15:39:46.793', 'spineRef41', 'Lesson 10'),
('d7906836-4847-48a0-b4f9-e94333d18292', '2025-11-01 15:39:46.793', 'spineRef42', 'Lesson 7'),
('3ca4bce1-ba96-4ff1-9e05-db1df9840694', '2026-01-24 15:39:46.793', 'spineRef43', 'Lesson 19'),
('3ca4bce1-ba96-4ff1-9e05-db1df9840694', '2026-01-24 15:39:46.793', 'spineRef44', 'Lesson 18'),
('f7c7f78c-9803-4804-a6bc-8a35b122fc9c', '2025-04-01 15:39:46.793', 'spineRef45', 'Lesson 20'),
('0899bd2f-4f23-4248-a5a4-aa4bb853e0ba', '2025-04-23 15:39:46.793', 'spineRef46', 'Lesson 20'),
('f307230a-2321-4568-888e-a1ccf11759b1', '2025-06-30 15:39:46.793', 'spineRef47', 'Lesson 16'),
('3ca4bce1-ba96-4ff1-9e05-db1df9840694', '2025-11-11 15:39:46.793', 'spineRef48', 'Lesson 12'),
('cd25bfcd-ad43-4fd1-9b47-3febb29bb7bf', '2025-09-24 15:39:46.793', 'spineRef49', 'Lesson 18'),
('cd25bfcd-ad43-4fd1-9b47-3febb29bb7bf', '2025-09-24 15:39:46.793', 'spineRef50', 'Lesson 15'),
('32947a35-7ebf-4b0a-9c71-b82d655a4d9d', '2025-10-27 15:39:46.793', 'spineRef51', 'Lesson 19'),
('cd25bfcd-ad43-4fd1-9b47-3febb29bb7bf', '2025-03-01 15:39:46.793', 'spineRef52', 'Lesson 15'),
('087373fb-f6c4-434a-be5e-328786edcd84', '2025-09-06 15:39:46.793', 'spineRef53', 'Lesson 19'),
('9a81e25c-5eb9-4edb-8404-ba6ee3ae8596', '2026-01-15 15:39:46.793', 'spineRef54', 'Lesson 7'),
('a62855ee-ef4f-4bcd-8770-199eec454a5c', '2025-07-01 15:39:46.793', 'spineRef55', 'Lesson 10'),
('03b5e0f9-b669-4e6f-ac08-95d057606a05', '2025-04-12 15:39:46.793', 'spineRef56', 'Lesson 12'),
('3ca4bce1-ba96-4ff1-9e05-db1df9840694', '2025-11-11 15:39:46.793', 'spineRef57', 'Lesson 20'),
('3ca4bce1-ba96-4ff1-9e05-db1df9840694', '2025-11-11 15:39:46.793', 'spineRef58', 'Lesson 17'),
('b2ad034f-6a7b-46ed-a4b2-213c0b6a1db2', '2026-01-06 15:39:46.793', 'spineRef59', 'Lesson 14'),
('09df0e88-13de-4292-ad2e-5bc8f519f18d', '2025-05-11 15:39:46.793', 'spineRef60', 'Lesson 15'),
('03b5e0f9-b669-4e6f-ac08-95d057606a05', '2025-05-04 15:39:46.793', 'spineRef61', 'Lesson 6'),
('cd25bfcd-ad43-4fd1-9b47-3febb29bb7bf', '2025-09-24 15:39:46.793', 'spineRef62', 'Lesson 10'),
('a49ed342-2bcf-4397-8ff2-94f7a4bd3ce5', '2025-03-17 15:39:46.793', 'spineRef63', 'Lesson 16'),
('ee012f87-38b9-4337-afc0-1395e9bb9b5e', '2025-11-27 15:39:46.793', 'spineRef64', 'Lesson 5'),
('3ca4bce1-ba96-4ff1-9e05-db1df9840694', '2025-11-11 15:39:46.793', 'spineRef65', 'Lesson 10'),
('f7c7f78c-9803-4804-a6bc-8a35b122fc9c', '2026-02-03 15:39:46.793', 'spineRef66', 'Lesson 1'),
('1af63b76-019c-4298-baf2-b4d6fca5f003', '2025-03-22 15:39:46.793', 'spineRef67', 'Lesson 19'),
('65dd3b34-a076-40a8-9256-960e1e0f7c85', '2025-05-09 15:39:46.793', 'spineRef68', 'Lesson 14'),
('03b5e0f9-b669-4e6f-ac08-95d057606a05', '2025-05-04 15:39:46.793', 'spineRef69', 'Lesson 12'),
('0bb0197f-bbb2-4024-a59b-c1fce5d6a900', '2026-01-02 15:39:46.793', 'spineRef70', 'Lesson 5'),
('cd25bfcd-ad43-4fd1-9b47-3febb29bb7bf', '2025-09-24 15:39:46.793', 'spineRef71', 'Lesson 8'),
('65dd3b34-a076-40a8-9256-960e1e0f7c85', '2025-11-10 15:39:46.793', 'spineRef72', 'Lesson 11'),
('9a81e25c-5eb9-4edb-8404-ba6ee3ae8596', '2026-01-15 15:39:46.793', 'spineRef73', 'Lesson 14'),
('03b5e0f9-b669-4e6f-ac08-95d057606a05', '2025-10-22 15:39:46.793', 'spineRef74', 'Lesson 16'),
('b2ad034f-6a7b-46ed-a4b2-213c0b6a1db2', '2026-01-28 15:39:46.793', 'spineRef75', 'Lesson 17'),
('d7906836-4847-48a0-b4f9-e94333d18292', '2025-09-20 15:39:46.793', 'spineRef76', 'Lesson 12'),
('ee012f87-38b9-4337-afc0-1395e9bb9b5e', '2025-11-27 15:39:46.793', 'spineRef77', 'Lesson 15'),
('ee012f87-38b9-4337-afc0-1395e9bb9b5e', '2025-11-27 15:39:46.793', 'spineRef78', 'Lesson 6'),
('a49ed342-2bcf-4397-8ff2-94f7a4bd3ce5', '2025-03-17 15:39:46.793', 'spineRef79', 'Lesson 17'),
('9a81e25c-5eb9-4edb-8404-ba6ee3ae8596', '2026-01-15 15:39:46.793', 'spineRef80', 'Lesson 20'),
('f1f42eb9-034b-452f-8ef2-c27cf3afea1f', '2026-02-12 15:39:46.793', 'spineRef81', 'Lesson 7'),
('43c6bde2-41d5-4dfa-a4f4-b2b47e26bf85', '2025-05-24 15:39:46.793', 'spineRef82', 'Lesson 7'),
('65dd3b34-a076-40a8-9256-960e1e0f7c85', '2025-11-10 15:39:46.793', 'spineRef83', 'Lesson 16'),
('03b5e0f9-b669-4e6f-ac08-95d057606a05', '2025-10-22 15:39:46.793', 'spineRef84', 'Lesson 10'),
('65dd3b34-a076-40a8-9256-960e1e0f7c85', '2025-11-10 15:39:46.793', 'spineRef85', 'Lesson 17'),
('f307230a-2321-4568-888e-a1ccf11759b1', '2025-06-30 15:39:46.793', 'spineRef86', 'Lesson 8'),
('d7906836-4847-48a0-b4f9-e94333d18292', '2025-09-20 15:39:46.793', 'spineRef87', 'Lesson 9'),
('f307230a-2321-4568-888e-a1ccf11759b1', '2025-06-30 15:39:46.793', 'spineRef88', 'Lesson 1'),
('0899bd2f-4f23-4248-a5a4-aa4bb853e0ba', '2025-04-23 15:39:46.793', 'spineRef89', 'Lesson 18'),
('ee012f87-38b9-4337-afc0-1395e9bb9b5e', '2025-11-27 15:39:46.793', 'spineRef90', 'Lesson 7'),
('d7906836-4847-48a0-b4f9-e94333d18292', '2025-09-20 15:39:46.793', 'spineRef91', 'Lesson 12'),
('4e26831b-4b96-4244-9642-664f479f1ed7', '2026-01-29 15:39:46.793', 'spineRef92', 'Lesson 4'),
('f7c7f78c-9803-4804-a6bc-8a35b122fc9c', '2026-02-03 15:39:46.793', 'spineRef93', 'Lesson 19'),
('f7c7f78c-9803-4804-a6bc-8a35b122fc9c', '2025-04-01 15:39:46.793', 'spineRef94', 'Lesson 4'),
('0bb0197f-bbb2-4024-a59b-c1fce5d6a900', '2026-01-02 15:39:46.793', 'spineRef95', 'Lesson 16'),
('3912a6d2-97f1-4136-af22-e7da0a115ac9', '2025-08-12 15:39:46.793', 'spineRef96', 'Lesson 19'),
('09df0e88-13de-4292-ad2e-5bc8f519f18d', '2025-05-11 15:39:46.793', 'spineRef97', 'Lesson 17'),
('f7c7f78c-9803-4804-a6bc-8a35b122fc9c', '2026-02-03 15:39:46.793', 'spineRef98', 'Lesson 12'),
('03b5e0f9-b669-4e6f-ac08-95d057606a05', '2025-04-12 15:39:46.793', 'spineRef99', 'Lesson 1'),
('b8f670d1-5c19-44c2-8b97-bb1d0a8ff97e', '2025-12-02 15:39:46.793', 'spineRef100', 'Lesson 7');

INSERT INTO computed_book_access (idp_id, book_id, user_id, version, expires_at, enhanced_tools_expire_at, flags) VALUES
(7, 43, 13, 'PUBLISHER', '2026-02-13 15:39:46.793', '2025-03-31 15:39:46.793', NULL),
(8, 10, 13, 'PUBLISHER', '2025-03-04 15:39:46.793', '2025-06-13 15:39:46.793', NULL),
(9, 17, 17, 'BASE', NULL, '2025-04-15 15:39:46.793', NULL),
(1, 44, 48, 'INSTRUCTOR', '2025-05-19 15:39:46.793', '2025-03-20 15:39:46.793', NULL),
(9, 19, 48, 'INSTRUCTOR', NULL, '2025-03-30 15:39:46.793', NULL),
(4, 38, 46, 'ENHANCED', '2025-08-14 15:39:46.793', NULL, NULL),
(7, 17, 24, 'INSTRUCTOR', NULL, '2025-05-05 15:39:46.793', NULL),
(8, 32, 6, 'ENHANCED', NULL, '2025-07-31 15:39:46.793', NULL),
(3, 26, 6, 'INSTRUCTOR', NULL, NULL, NULL),
(1, 21, 48, 'PUBLISHER', '2025-11-28 15:39:46.793', '2025-02-26 15:39:46.793', NULL),
(7, 15, 2, 'BASE', '2025-05-19 15:39:46.793', '2025-05-21 15:39:46.793', NULL),
(19, 10, 32, 'BASE', NULL, '2025-08-22 15:39:46.793', NULL),
(9, 16, 38, 'ENHANCED', NULL, '2025-05-19 15:39:46.793', NULL),
(15, 49, 24, 'BASE', '2025-09-10 15:39:46.793', NULL, NULL),
(9, 18, 32, 'PUBLISHER', NULL, NULL, NULL),
(6, 1, 2, 'PUBLISHER', NULL, '2025-05-06 15:39:46.793', NULL),
(17, 2, 6, 'PUBLISHER', '2025-06-26 15:39:46.793', '2025-03-05 15:39:46.793', NULL),
(16, 47, 50, 'INSTRUCTOR', '2025-08-31 15:39:46.793', NULL, NULL),
(12, 9, 11, 'INSTRUCTOR', '2025-12-18 15:39:46.793', '2025-06-24 15:39:46.793', NULL),
(12, 43, 44, 'INSTRUCTOR', '2025-07-13 15:39:46.793', '2025-08-15 15:39:46.793', NULL),
(14, 16, 36, 'ENHANCED', '2025-12-31 15:39:46.793', '2025-03-22 15:39:46.793', NULL),
(12, 9, 13, 'PUBLISHER', '2025-07-11 15:39:46.793', '2025-07-24 15:39:46.793', NULL),
(13, 12, 13, 'BASE', '2025-08-17 15:39:46.793', '2025-05-04 15:39:46.793', NULL),
(2, 32, 21, 'PUBLISHER', NULL, '2025-08-03 15:39:46.793', NULL),
(17, 5, 6, 'BASE', '2025-12-29 15:39:46.793', '2025-06-01 15:39:46.793', NULL),
(12, 24, 27, 'INSTRUCTOR', NULL, NULL, NULL),
(13, 36, 10, 'PUBLISHER', '2025-07-05 15:39:46.793', '2025-08-17 15:39:46.793', NULL),
(14, 16, 34, 'ENHANCED', NULL, NULL, NULL),
(14, 44, 3, 'INSTRUCTOR', '2025-04-11 15:39:46.793', '2025-07-30 15:39:46.793', NULL),
(9, 23, 11, 'ENHANCED', NULL, '2025-04-11 15:39:46.793', NULL),
(6, 31, 14, 'PUBLISHER', '2025-04-09 15:39:46.793', '2025-03-08 15:39:46.793', NULL),
(4, 29, 15, 'ENHANCED', '2026-02-21 15:39:46.793', '2025-05-14 15:39:46.793', NULL),
(15, 44, 19, 'BASE', '2025-10-02 15:39:46.793', '2025-07-08 15:39:46.793', NULL),
(6, 32, 33, 'ENHANCED', NULL, '2025-04-07 15:39:46.793', NULL),
(19, 8, 41, 'PUBLISHER', '2026-02-06 15:39:46.793', '2025-08-14 15:39:46.793', NULL),
(2, 8, 19, 'ENHANCED', '2026-02-08 15:39:46.793', '2025-03-09 15:39:46.793', NULL),
(17, 27, 50, 'ENHANCED', '2025-05-30 15:39:46.793', '2025-04-09 15:39:46.793', NULL),
(9, 21, 11, 'PUBLISHER', '2025-05-05 15:39:46.793', '2025-08-10 15:39:46.793', NULL),
(1, 21, 9, 'INSTRUCTOR', NULL, '2025-07-09 15:39:46.793', NULL),
(5, 21, 37, 'ENHANCED', NULL, '2025-05-19 15:39:46.793', NULL),
(5, 21, 35, 'ENHANCED', '2025-08-05 15:39:46.793', '2025-06-24 15:39:46.793', NULL),
(6, 25, 41, 'BASE', '2025-05-06 15:39:46.793', '2025-08-09 15:39:46.793', NULL),
(14, 42, 42, 'BASE', '2025-11-17 15:39:46.793', '2025-08-11 15:39:46.793', NULL),
(1, 40, 3, 'ENHANCED', NULL, '2025-08-18 15:39:46.793', NULL),
(8, 12, 40, 'INSTRUCTOR', '2025-11-01 15:39:46.793', NULL, NULL),
(12, 49, 16, 'PUBLISHER', '2026-01-29 15:39:46.793', '2025-04-07 15:39:46.793', NULL),
(14, 24, 19, 'BASE', '2025-10-30 15:39:46.793', '2025-07-03 15:39:46.793', NULL),
(2, 3, 32, 'BASE', '2025-03-28 15:39:46.793', '2025-08-08 15:39:46.793', NULL),
(10, 4, 48, 'BASE', '2025-03-30 15:39:46.793', '2025-05-27 15:39:46.793', NULL),
(9, 10, 3, 'INSTRUCTOR', '2025-06-02 15:39:46.793', '2025-03-06 15:39:46.793', NULL),
(10, 2, 37, 'BASE', '2025-12-23 15:39:46.793', '2025-05-31 15:39:46.793', NULL),
(3, 44, 25, 'ENHANCED', '2025-08-10 15:39:46.793', '2025-05-30 15:39:46.793', NULL),
(3, 11, 22, 'PUBLISHER', '2025-08-06 15:39:46.793', '2025-08-10 15:39:46.793', NULL),
(3, 5, 37, 'BASE', '2025-07-13 15:39:46.793', '2025-05-11 15:39:46.793', NULL),
(16, 40, 28, 'PUBLISHER', '2025-10-04 15:39:46.793', NULL, NULL),
(8, 18, 7, 'BASE', '2025-07-15 15:39:46.793', '2025-08-06 15:39:46.793', NULL),
(9, 10, 43, 'PUBLISHER', '2025-03-19 15:39:46.793', '2025-05-01 15:39:46.793', NULL),
(2, 39, 17, 'PUBLISHER', '2025-12-31 15:39:46.793', NULL, NULL),
(4, 36, 1, 'ENHANCED', NULL, '2025-04-16 15:39:46.793', NULL),
(2, 48, 36, 'PUBLISHER', NULL, '2025-05-15 15:39:46.793', NULL),
(17, 8, 1, 'BASE', NULL, '2025-04-30 15:39:46.793', NULL),
(14, 23, 16, 'PUBLISHER', '2026-02-21 15:39:46.793', '2025-04-21 15:39:46.793', NULL),
(18, 49, 47, 'PUBLISHER', '2025-04-19 15:39:46.793', '2025-06-09 15:39:46.793', NULL),
(1, 36, 43, 'INSTRUCTOR', '2025-04-08 15:39:46.793', '2025-03-02 15:39:46.793', NULL),
(12, 21, 1, 'BASE', '2025-06-28 15:39:46.793', NULL, NULL),
(20, 3, 20, 'BASE', '2025-07-12 15:39:46.793', '2025-06-29 15:39:46.793', NULL),
(10, 3, 14, 'BASE', '2025-09-25 15:39:46.793', '2025-07-26 15:39:46.793', NULL),
(5, 26, 12, 'ENHANCED', NULL, '2025-03-11 15:39:46.793', NULL),
(6, 50, 45, 'BASE', '2026-01-24 15:39:46.793', '2025-03-06 15:39:46.793', NULL),
(2, 40, 30, 'BASE', '2025-07-19 15:39:46.793', '2025-07-08 15:39:46.793', NULL),
(8, 30, 40, 'PUBLISHER', NULL, '2025-07-18 15:39:46.793', NULL),
(14, 20, 50, 'ENHANCED', NULL, '2025-03-28 15:39:46.793', NULL),
(18, 5, 12, 'ENHANCED', '2025-03-29 15:39:46.793', '2025-06-17 15:39:46.793', NULL),
(14, 6, 25, 'PUBLISHER', NULL, '2025-05-21 15:39:46.793', NULL),
(7, 19, 16, 'INSTRUCTOR', '2025-07-01 15:39:46.793', NULL, NULL),
(16, 22, 50, 'ENHANCED', NULL, '2025-06-15 15:39:46.793', NULL),
(20, 24, 25, 'BASE', NULL, '2025-05-29 15:39:46.793', NULL),
(11, 17, 31, 'BASE', '2025-11-07 15:39:46.793', '2025-04-11 15:39:46.793', NULL),
(10, 31, 13, 'BASE', NULL, NULL, NULL),
(12, 49, 4, 'INSTRUCTOR', '2025-11-05 15:39:46.793', NULL, NULL),
(6, 30, 28, 'ENHANCED', '2025-05-14 15:39:46.793', NULL, NULL),
(9, 13, 25, 'PUBLISHER', NULL, '2025-03-23 15:39:46.793', NULL),
(16, 14, 44, 'PUBLISHER', '2025-10-31 15:39:46.793', '2025-07-20 15:39:46.793', NULL),
(2, 40, 21, 'ENHANCED', NULL, '2025-06-01 15:39:46.793', NULL),
(14, 13, 45, 'ENHANCED', '2025-07-04 15:39:46.793', '2025-04-25 15:39:46.793', NULL),
(14, 16, 9, 'INSTRUCTOR', '2025-08-10 15:39:46.793', '2025-07-05 15:39:46.793', NULL),
(8, 17, 33, 'INSTRUCTOR', NULL, '2025-07-20 15:39:46.793', NULL),
(5, 13, 35, 'BASE', '2025-07-05 15:39:46.793', NULL, NULL),
(3, 11, 8, 'PUBLISHER', NULL, '2025-04-16 15:39:46.793', NULL),
(11, 17, 9, 'ENHANCED', NULL, '2025-06-18 15:39:46.793', NULL),
(4, 42, 47, 'PUBLISHER', '2025-06-10 15:39:46.793', '2025-05-23 15:39:46.793', NULL),
(4, 5, 12, 'PUBLISHER', '2025-05-14 15:39:46.793', '2025-03-17 15:39:46.793', NULL),
(13, 17, 36, 'ENHANCED', NULL, '2025-08-12 15:39:46.793', NULL),
(15, 41, 21, 'INSTRUCTOR', '2026-02-16 15:39:46.793', '2025-06-04 15:39:46.793', NULL),
(10, 9, 32, 'INSTRUCTOR', '2025-03-13 15:39:46.793', '2025-04-23 15:39:46.793', NULL),
(15, 18, 17, 'BASE', '2025-10-07 15:39:46.793', '2025-08-23 15:39:46.793', NULL),
(19, 43, 46, 'INSTRUCTOR', NULL, '2025-07-07 15:39:46.793', NULL),
(13, 2, 13, 'ENHANCED', '2025-10-23 15:39:46.793', '2025-06-09 15:39:46.793', NULL),
(3, 42, 17, 'ENHANCED', '2025-10-06 15:39:46.793', '2025-05-11 15:39:46.793', NULL),
(1, 2, 2, 'ENHANCED', '2025-04-03 15:39:46.793', '2025-04-22 15:39:46.793', NULL);

INSERT INTO embed_website (domain, idp_id) VALUES
('website1.com', 13),
('website2.com', 6),
('website3.com', 5),
('website4.com', 10),
('website5.com', 5),
('website6.com', 17),
('website7.com', 13),
('website8.com', 5),
('website9.com', 3),
('website10.com', 4),
('website11.com', 2),
('website12.com', 4),
('website13.com', 7),
('website14.com', 15),
('website15.com', 15),
('website16.com', 4),
('website17.com', 20),
('website18.com', 11),
('website19.com', 1),
('website20.com', 18),
('website21.com', 19),
('website22.com', 8),
('website23.com', 14),
('website24.com', 16),
('website25.com', 1),
('website26.com', 3),
('website27.com', 13),
('website28.com', 10),
('website29.com', 4),
('website30.com', 14),
('website31.com', 18),
('website32.com', 18),
('website33.com', 18),
('website34.com', 1),
('website35.com', 17),
('website36.com', 17),
('website37.com', 16),
('website38.com', 14),
('website39.com', 20),
('website40.com', 14),
('website41.com', 16),
('website42.com', 6),
('website43.com', 14),
('website44.com', 2),
('website45.com', 5),
('website46.com', 8),
('website47.com', 10),
('website48.com', 5),
('website49.com', 6),
('website50.com', 10);

INSERT INTO idp_group_member (idp_id, idp_group_id) VALUES
(12, 30),
(7, 37),
(16, 45),
(1, 13),
(5, 38),
(9, 34),
(6, 24),
(12, 22),
(15, 35),
(18, 45),
(3, 1),
(15, 23),
(4, 24),
(19, 7),
(6, 2),
(11, 23),
(14, 22),
(10, 34),
(8, 38),
(18, 35),
(12, 33),
(17, 26),
(13, 26),
(16, 2),
(14, 13),
(18, 20),
(17, 4),
(1, 20),
(12, 3),
(10, 46),
(6, 33),
(9, 15),
(16, 18),
(7, 30),
(19, 5),
(10, 26),
(9, 4),
(13, 34),
(2, 49),
(19, 20),
(10, 5),
(5, 15),
(16, 48),
(5, 27),
(4, 15),
(20, 14),
(13, 2),
(20, 13),
(6, 20),
(8, 41),
(6, 21),
(16, 37),
(4, 5),
(2, 37),
(18, 15),
(9, 7),
(6, 31),
(11, 10),
(11, 40),
(15, 11),
(8, 28),
(1, 29),
(15, 10),
(14, 40),
(14, 48),
(2, 36),
(2, 11),
(12, 11),
(8, 26),
(17, 24),
(19, 49),
(17, 1),
(20, 25),
(6, 41),
(1, 14),
(5, 37),
(1, 4),
(19, 32),
(11, 15),
(1, 34),
(12, 24),
(12, 34),
(15, 17),
(3, 35),
(4, 6),
(2, 2),
(3, 25),
(18, 12),
(8, 27),
(20, 17),
(12, 40),
(17, 39),
(1, 31),
(3, 34),
(10, 42),
(16, 49),
(7, 50),
(1, 39),
(10, 45),
(17, 9);

INSERT INTO instructor_highlight (highlight_id, classroom_uid, created_at) VALUES
(20, '1af63b76-019c-4298-baf2-b4d6fca5f003', '2024-07-13 15:39:46.793'),
(9, '6da0a42d-b385-4b84-b03c-ab5308cb300a', '2024-03-16 15:39:46.793'),
(42, '2c41cdfc-bde9-4de9-bcfe-774de82bbb7f', '2024-05-05 15:39:46.793'),
(19, '6da0a42d-b385-4b84-b03c-ab5308cb300a', '2024-06-12 15:39:46.793'),
(2, '6434bfaf-b3c2-4b53-974a-2b7b46f21f2b', '2024-06-10 15:39:46.793'),
(35, 'cf0399e7-ec41-4a99-9ca3-f9f36d4dd74a', '2024-06-17 15:39:46.793'),
(47, 'f6ec2d56-0e1d-492e-9775-0c69baad78a1', '2024-11-10 15:39:46.793'),
(37, '4c65ceef-17e8-4302-84c8-64b015c48565', '2024-05-11 15:39:46.793'),
(10, 'b2ad034f-6a7b-46ed-a4b2-213c0b6a1db2', '2024-07-16 15:39:46.793'),
(12, 'a62855ee-ef4f-4bcd-8770-199eec454a5c', '2024-11-14 15:39:46.793'),
(17, '4484c7a6-c536-42ff-90a0-c0a3130e85c0', '2024-06-13 15:39:46.793'),
(27, 'e1a678f3-365e-4b62-bf32-dd46abdd5889', '2024-05-14 15:39:46.793'),
(40, '09101d4a-6429-4f2b-a6f1-dec8ec987051', '2024-12-12 15:39:46.793'),
(43, '4484c7a6-c536-42ff-90a0-c0a3130e85c0', '2024-06-30 15:39:46.793'),
(29, '2c41cdfc-bde9-4de9-bcfe-774de82bbb7f', '2024-07-08 15:39:46.793'),
(41, 'cf0399e7-ec41-4a99-9ca3-f9f36d4dd74a', '2024-05-18 15:39:46.793'),
(33, '65dd3b34-a076-40a8-9256-960e1e0f7c85', '2024-04-18 15:39:46.793'),
(30, '907ba0d8-4f78-487e-98c2-ee00a06850b5', '2024-10-05 15:39:46.793'),
(22, '636ab7eb-3b3e-4059-ab69-58c84e703f0b', '2024-09-27 15:39:46.793'),
(40, 'f0a04058-93bb-48a0-8270-39bf7400c530', '2024-08-27 15:39:46.793'),
(19, 'a49ed342-2bcf-4397-8ff2-94f7a4bd3ce5', '2025-01-17 15:39:46.793'),
(19, '4c65ceef-17e8-4302-84c8-64b015c48565', '2024-08-27 15:39:46.793'),
(19, '32947a35-7ebf-4b0a-9c71-b82d655a4d9d', '2024-11-05 15:39:46.793'),
(43, 'f1f42eb9-034b-452f-8ef2-c27cf3afea1f', '2024-10-30 15:39:46.793'),
(8, '09df0e88-13de-4292-ad2e-5bc8f519f18d', '2024-10-21 15:39:46.793'),
(24, '1af63b76-019c-4298-baf2-b4d6fca5f003', '2024-09-19 15:39:46.793'),
(33, '2c41cdfc-bde9-4de9-bcfe-774de82bbb7f', '2024-09-02 15:39:46.793'),
(17, 'e1a678f3-365e-4b62-bf32-dd46abdd5889', '2024-10-30 15:39:46.793'),
(49, '6434bfaf-b3c2-4b53-974a-2b7b46f21f2b', '2024-10-15 15:39:46.793'),
(20, '69f024a3-1507-484f-befe-925208d94210', '2024-06-13 15:39:46.793'),
(36, '09101d4a-6429-4f2b-a6f1-dec8ec987051', '2025-01-26 15:39:46.793'),
(37, '4484c7a6-c536-42ff-90a0-c0a3130e85c0', '2025-02-17 15:39:46.793'),
(6, '87bf8458-75a5-4727-bf15-e9ba4d2e48b6', '2024-04-04 15:39:46.793'),
(13, '3912a6d2-97f1-4136-af22-e7da0a115ac9', '2024-11-02 15:39:46.793'),
(23, '636ab7eb-3b3e-4059-ab69-58c84e703f0b', '2024-09-24 15:39:46.793'),
(13, 'a413bd53-dc55-48bd-b5ea-a72856d16278', '2024-03-03 15:39:46.793'),
(39, '87bf8458-75a5-4727-bf15-e9ba4d2e48b6', '2024-07-18 15:39:46.793'),
(29, '43c6bde2-41d5-4dfa-a4f4-b2b47e26bf85', '2024-04-16 15:39:46.793'),
(41, 'f307230a-2321-4568-888e-a1ccf11759b1', '2024-12-18 15:39:46.793'),
(29, '6da0a42d-b385-4b84-b03c-ab5308cb300a', '2024-04-08 15:39:46.793'),
(11, 'f307230a-2321-4568-888e-a1ccf11759b1', '2024-09-09 15:39:46.793'),
(48, 'a49ed342-2bcf-4397-8ff2-94f7a4bd3ce5', '2024-11-12 15:39:46.793'),
(1, 'f7c7f78c-9803-4804-a6bc-8a35b122fc9c', '2024-10-30 15:39:46.793'),
(31, '4e26831b-4b96-4244-9642-664f479f1ed7', '2024-03-29 15:39:46.793'),
(13, '5ccd38b9-fb9e-442a-ac16-f682f28778c9', '2024-09-24 15:39:46.793'),
(25, 'd7906836-4847-48a0-b4f9-e94333d18292', '2024-09-12 15:39:46.793'),
(23, 'cd25bfcd-ad43-4fd1-9b47-3febb29bb7bf', '2024-12-11 15:39:46.793'),
(48, 'f307230a-2321-4568-888e-a1ccf11759b1', '2024-07-09 15:39:46.793'),
(39, '1af63b76-019c-4298-baf2-b4d6fca5f003', '2024-12-31 15:39:46.793'),
(29, 'a62855ee-ef4f-4bcd-8770-199eec454a5c', '2024-12-07 15:39:46.793'),
(22, '65dd3b34-a076-40a8-9256-960e1e0f7c85', '2024-04-19 15:39:46.793'),
(50, '87bf8458-75a5-4727-bf15-e9ba4d2e48b6', '2024-04-15 15:39:46.793'),
(28, 'a5698529-e3c9-4a72-bca0-2c2f06f88900', '2024-04-29 15:39:46.793'),
(9, 'a62855ee-ef4f-4bcd-8770-199eec454a5c', '2024-05-19 15:39:46.793'),
(18, 'd7906836-4847-48a0-b4f9-e94333d18292', '2024-09-25 15:39:46.793'),
(27, '3912a6d2-97f1-4136-af22-e7da0a115ac9', '2024-08-15 15:39:46.793'),
(9, '65dd3b34-a076-40a8-9256-960e1e0f7c85', '2024-08-22 15:39:46.793'),
(45, '87bf8458-75a5-4727-bf15-e9ba4d2e48b6', '2024-08-17 15:39:46.793'),
(20, '505893b7-94f7-4594-9e4d-2f9f95a01820', '2024-10-05 15:39:46.793'),
(38, '3912a6d2-97f1-4136-af22-e7da0a115ac9', '2024-09-08 15:39:46.793'),
(10, '4484c7a6-c536-42ff-90a0-c0a3130e85c0', '2024-07-02 15:39:46.793'),
(46, 'ee012f87-38b9-4337-afc0-1395e9bb9b5e', '2024-07-20 15:39:46.793'),
(12, '9b1107aa-e12a-4c53-84de-76a3503f5497', '2024-07-26 15:39:46.793'),
(38, 'f1f42eb9-034b-452f-8ef2-c27cf3afea1f', '2024-07-14 15:39:46.793'),
(30, '4484c7a6-c536-42ff-90a0-c0a3130e85c0', '2024-11-23 15:39:46.793'),
(27, 'f0a04058-93bb-48a0-8270-39bf7400c530', '2024-08-20 15:39:46.793'),
(33, '87bf8458-75a5-4727-bf15-e9ba4d2e48b6', '2024-06-23 15:39:46.793'),
(16, 'cd25bfcd-ad43-4fd1-9b47-3febb29bb7bf', '2024-05-21 15:39:46.793'),
(27, '87bf8458-75a5-4727-bf15-e9ba4d2e48b6', '2024-05-24 15:39:46.793'),
(1, '3ca4bce1-ba96-4ff1-9e05-db1df9840694', '2024-04-16 15:39:46.793'),
(28, '0bb0197f-bbb2-4024-a59b-c1fce5d6a900', '2024-02-26 15:39:46.793'),
(2, 'a2607dbf-d7e7-4288-a2e9-c923d96a9c5c', '2025-02-02 15:39:46.793'),
(37, 'ff27e1ca-8483-4da1-b9b5-e4c619178694', '2024-09-18 15:39:46.793'),
(43, '3912a6d2-97f1-4136-af22-e7da0a115ac9', '2024-06-09 15:39:46.793'),
(26, 'a5698529-e3c9-4a72-bca0-2c2f06f88900', '2025-02-02 15:39:46.793'),
(23, 'b8f670d1-5c19-44c2-8b97-bb1d0a8ff97e', '2024-03-31 15:39:46.793'),
(24, 'f7c7f78c-9803-4804-a6bc-8a35b122fc9c', '2024-04-27 15:39:46.793'),
(1, '907ba0d8-4f78-487e-98c2-ee00a06850b5', '2024-12-07 15:39:46.793'),
(37, '65dd3b34-a076-40a8-9256-960e1e0f7c85', '2025-01-25 15:39:46.793'),
(14, 'f307230a-2321-4568-888e-a1ccf11759b1', '2025-02-14 15:39:46.793'),
(5, 'f7c7f78c-9803-4804-a6bc-8a35b122fc9c', '2024-10-20 15:39:46.793'),
(9, '3ca4bce1-ba96-4ff1-9e05-db1df9840694', '2024-05-01 15:39:46.793'),
(34, '87bf8458-75a5-4727-bf15-e9ba4d2e48b6', '2024-06-30 15:39:46.793'),
(6, 'f6ec2d56-0e1d-492e-9775-0c69baad78a1', '2024-10-12 15:39:46.793'),
(23, '1af63b76-019c-4298-baf2-b4d6fca5f003', '2024-06-04 15:39:46.793'),
(13, '0bb0197f-bbb2-4024-a59b-c1fce5d6a900', '2024-05-08 15:39:46.793'),
(35, '9b1107aa-e12a-4c53-84de-76a3503f5497', '2024-07-10 15:39:46.793'),
(12, 'b2ad034f-6a7b-46ed-a4b2-213c0b6a1db2', '2024-10-28 15:39:46.793'),
(45, 'cf0399e7-ec41-4a99-9ca3-f9f36d4dd74a', '2025-02-09 15:39:46.793'),
(5, '4484c7a6-c536-42ff-90a0-c0a3130e85c0', '2024-06-09 15:39:46.793'),
(46, 'b2ad034f-6a7b-46ed-a4b2-213c0b6a1db2', '2025-02-11 15:39:46.793'),
(32, '636ab7eb-3b3e-4059-ab69-58c84e703f0b', '2024-11-18 15:39:46.793'),
(4, 'b2ad034f-6a7b-46ed-a4b2-213c0b6a1db2', '2025-01-10 15:39:46.793'),
(23, '087373fb-f6c4-434a-be5e-328786edcd84', '2024-08-26 15:39:46.793'),
(7, '09df0e88-13de-4292-ad2e-5bc8f519f18d', '2024-03-16 15:39:46.793'),
(12, '4e26831b-4b96-4244-9642-664f479f1ed7', '2024-06-17 15:39:46.793'),
(45, '4484c7a6-c536-42ff-90a0-c0a3130e85c0', '2024-12-28 15:39:46.793'),
(7, '69f024a3-1507-484f-befe-925208d94210', '2024-12-23 15:39:46.793'),
(43, '09101d4a-6429-4f2b-a6f1-dec8ec987051', '2024-12-13 15:39:46.793'),
(11, 'd7906836-4847-48a0-b4f9-e94333d18292', '2025-01-17 15:39:46.793');

INSERT INTO latest_location (user_id, book_id, cfi, updated_at) VALUES
(39, 34, '/6/89', '2024-12-18 15:39:46.793'),
(33, 7, '/6/7', '2025-02-09 15:39:46.793'),
(31, 15, '/6/77', '2024-11-11 15:39:46.793'),
(11, 50, '/6/24', '2024-08-28 15:39:46.793'),
(39, 48, '/6/73', '2024-07-17 15:39:46.793'),
(39, 36, '/6/88', '2024-12-09 15:39:46.793'),
(5, 41, '/6/69', '2024-10-02 15:39:46.793'),
(10, 19, '/6/18', '2024-04-10 15:39:46.793'),
(4, 48, '/6/63', '2025-01-17 15:39:46.793'),
(34, 36, '/6/62', '2024-07-10 15:39:46.793'),
(35, 39, '/6/31', '2024-03-18 15:39:46.793'),
(37, 36, '/6/8', '2024-11-29 15:39:46.793'),
(12, 48, '/6/12', '2024-09-16 15:39:46.793'),
(48, 13, '/6/93', '2024-10-03 15:39:46.793'),
(10, 17, '/6/59', '2024-06-07 15:39:46.793'),
(43, 29, '/6/61', '2025-01-06 15:39:46.793'),
(16, 14, '/6/50', '2024-09-19 15:39:46.793'),
(4, 23, '/6/55', '2024-11-02 15:39:46.793'),
(19, 26, '/6/22', '2024-06-13 15:39:46.793'),
(33, 19, '/6/59', '2024-05-05 15:39:46.793'),
(11, 14, '/6/91', '2024-08-08 15:39:46.793'),
(1, 19, '/6/93', '2024-03-04 15:39:46.793'),
(2, 17, '/6/44', '2024-03-13 15:39:46.793'),
(42, 15, '/6/19', '2024-10-02 15:39:46.793'),
(33, 44, '/6/46', '2024-09-26 15:39:46.793'),
(9, 26, '/6/16', '2025-01-23 15:39:46.793'),
(22, 46, '/6/40', '2024-06-09 15:39:46.793'),
(44, 22, '/6/60', '2024-12-09 15:39:46.793'),
(32, 26, '/6/55', '2024-05-20 15:39:46.793'),
(23, 33, '/6/23', '2025-02-08 15:39:46.793'),
(46, 7, '/6/98', '2024-12-22 15:39:46.793'),
(45, 12, '/6/80', '2024-05-13 15:39:46.793'),
(6, 24, '/6/17', '2024-08-05 15:39:46.793'),
(28, 45, '/6/5', '2025-01-13 15:39:46.793'),
(29, 9, '/6/39', '2024-11-12 15:39:46.793'),
(23, 19, '/6/9', '2024-06-20 15:39:46.793'),
(9, 13, '/6/53', '2024-09-23 15:39:46.793'),
(14, 9, '/6/11', '2024-03-14 15:39:46.793'),
(14, 37, '/6/60', '2024-05-09 15:39:46.793'),
(1, 9, '/6/77', '2024-12-09 15:39:46.793'),
(45, 18, '/6/76', '2024-05-16 15:39:46.793'),
(7, 32, '/6/95', '2024-10-25 15:39:46.793'),
(47, 20, '/6/82', '2024-06-24 15:39:46.793'),
(29, 4, '/6/24', '2025-02-05 15:39:46.793'),
(23, 41, '/6/20', '2024-05-08 15:39:46.793'),
(33, 2, '/6/3', '2024-11-22 15:39:46.793'),
(15, 38, '/6/87', '2024-12-03 15:39:46.793'),
(14, 5, '/6/90', '2025-01-19 15:39:46.793'),
(43, 19, '/6/94', '2024-03-27 15:39:46.793'),
(43, 44, '/6/100', '2024-09-30 15:39:46.793'),
(30, 16, '/6/73', '2024-04-01 15:39:46.793'),
(28, 38, '/6/56', '2024-06-19 15:39:46.793'),
(34, 41, '/6/58', '2024-10-21 15:39:46.793'),
(22, 28, '/6/1', '2024-03-07 15:39:46.793'),
(4, 1, '/6/2', '2024-12-26 15:39:46.793'),
(26, 37, '/6/87', '2024-06-07 15:39:46.793'),
(50, 1, '/6/87', '2024-09-18 15:39:46.793'),
(14, 48, '/6/75', '2025-01-20 15:39:46.793'),
(6, 36, '/6/27', '2024-05-10 15:39:46.793'),
(7, 17, '/6/33', '2024-04-23 15:39:46.793'),
(30, 14, '/6/13', '2025-02-23 15:39:46.793'),
(29, 40, '/6/37', '2024-04-28 15:39:46.793'),
(3, 27, '/6/54', '2024-08-17 15:39:46.793'),
(29, 8, '/6/8', '2024-11-08 15:39:46.793'),
(4, 22, '/6/61', '2024-12-09 15:39:46.793'),
(34, 31, '/6/33', '2024-06-27 15:39:46.793'),
(36, 8, '/6/91', '2025-02-05 15:39:46.793'),
(4, 5, '/6/52', '2024-09-15 15:39:46.793'),
(21, 49, '/6/90', '2024-10-28 15:39:46.793'),
(40, 44, '/6/92', '2024-04-03 15:39:46.793'),
(38, 40, '/6/38', '2024-09-14 15:39:46.793'),
(35, 11, '/6/12', '2024-06-06 15:39:46.793'),
(4, 2, '/6/40', '2024-04-15 15:39:46.793'),
(20, 18, '/6/47', '2024-08-27 15:39:46.793'),
(36, 36, '/6/4', '2024-09-16 15:39:46.793'),
(25, 14, '/6/35', '2024-10-12 15:39:46.793'),
(25, 37, '/6/10', '2024-09-13 15:39:46.793'),
(24, 32, '/6/68', '2024-10-19 15:39:46.793'),
(37, 29, '/6/88', '2024-09-15 15:39:46.793'),
(31, 20, '/6/80', '2024-07-13 15:39:46.793'),
(35, 41, '/6/41', '2025-02-22 15:39:46.793'),
(32, 19, '/6/66', '2024-05-31 15:39:46.793'),
(35, 42, '/6/63', '2024-11-24 15:39:46.793'),
(44, 1, '/6/39', '2024-07-05 15:39:46.793'),
(3, 13, '/6/40', '2024-03-01 15:39:46.793'),
(21, 43, '/6/87', '2024-12-25 15:39:46.793'),
(36, 39, '/6/78', '2025-02-09 15:39:46.793'),
(44, 42, '/6/52', '2024-06-28 15:39:46.793'),
(3, 32, '/6/1', '2024-07-29 15:39:46.793'),
(13, 9, '/6/71', '2024-12-21 15:39:46.793'),
(48, 26, '/6/71', '2024-04-22 15:39:46.793'),
(46, 30, '/6/13', '2025-01-07 15:39:46.793'),
(4, 36, '/6/99', '2024-05-19 15:39:46.793'),
(46, 35, '/6/94', '2024-11-07 15:39:46.793'),
(9, 2, '/6/18', '2024-11-10 15:39:46.793'),
(42, 28, '/6/82', '2024-08-02 15:39:46.793'),
(39, 22, '/6/16', '2024-03-13 15:39:46.793'),
(2, 29, '/6/50', '2024-12-04 15:39:46.793'),
(48, 41, '/6/85', '2024-09-07 15:39:46.793'),
(18, 10, '/6/23', '2024-08-27 15:39:46.793');

INSERT INTO metadata_key (id, idp_id, name, options, ordering, deleted_at) VALUES
(NULL, 3, 'MetadataKey1', NULL, 59, NULL),
(NULL, NULL, 'MetadataKey2', NULL, 65, '2025-01-01 15:39:46.793'),
(NULL, 16, 'MetadataKey3', NULL, 8, '2025-02-14 15:39:46.793'),
(NULL, 16, 'MetadataKey4', NULL, 66, '2024-12-28 15:39:46.793'),
(NULL, 16, 'MetadataKey5', NULL, 84, '2024-11-24 15:39:46.793'),
(NULL, 9, 'MetadataKey6', NULL, 14, '2024-11-20 15:39:46.793'),
(NULL, 6, 'MetadataKey7', NULL, 66, NULL),
(NULL, 6, 'MetadataKey8', NULL, 4, '2024-11-20 15:39:46.793'),
(NULL, 19, 'MetadataKey9', NULL, 37, '2025-02-19 15:39:46.793'),
(NULL, NULL, 'MetadataKey10', NULL, 41, '2024-11-27 15:39:46.793'),
(NULL, NULL, 'MetadataKey11', NULL, 56, '2025-02-22 15:39:46.793'),
(NULL, 9, 'MetadataKey12', NULL, 1, NULL),
(NULL, 4, 'MetadataKey13', NULL, 94, NULL),
(NULL, 14, 'MetadataKey14', NULL, 64, '2025-02-09 15:39:46.793'),
(NULL, 20, 'MetadataKey15', NULL, 7, '2025-02-14 15:39:46.793'),
(NULL, NULL, 'MetadataKey16', NULL, 100, '2024-12-17 15:39:46.793'),
(NULL, 3, 'MetadataKey17', NULL, 34, '2025-02-01 15:39:46.793'),
(NULL, NULL, 'MetadataKey18', NULL, 100, '2024-12-11 15:39:46.793'),
(NULL, 13, 'MetadataKey19', NULL, 58, '2024-11-19 15:39:46.793'),
(NULL, 16, 'MetadataKey20', NULL, 79, '2024-12-07 15:39:46.793'),
(NULL, 2, 'MetadataKey21', NULL, 1, '2025-01-22 15:39:46.793'),
(NULL, 19, 'MetadataKey22', NULL, 82, '2024-11-23 15:39:46.793'),
(NULL, 13, 'MetadataKey23', NULL, 33, '2024-12-05 15:39:46.793'),
(NULL, NULL, 'MetadataKey24', NULL, 8, '2024-12-22 15:39:46.793'),
(NULL, 9, 'MetadataKey25', NULL, 36, '2025-01-25 15:39:46.793'),
(NULL, 15, 'MetadataKey26', NULL, 86, NULL),
(NULL, 17, 'MetadataKey27', NULL, 86, NULL),
(NULL, NULL, 'MetadataKey28', NULL, 58, '2024-11-24 15:39:46.793'),
(NULL, 6, 'MetadataKey29', NULL, 52, '2024-11-17 15:39:46.793'),
(NULL, 20, 'MetadataKey30', NULL, 36, '2025-01-13 15:39:46.793'),
(NULL, 7, 'MetadataKey31', NULL, 34, NULL),
(NULL, 19, 'MetadataKey32', NULL, 61, '2025-02-05 15:39:46.793'),
(NULL, 10, 'MetadataKey33', NULL, 48, '2024-12-27 15:39:46.793'),
(NULL, 18, 'MetadataKey34', NULL, 14, '2025-01-07 15:39:46.793'),
(NULL, 1, 'MetadataKey35', NULL, 14, '2025-01-31 15:39:46.793'),
(NULL, 11, 'MetadataKey36', NULL, 69, '2024-12-20 15:39:46.793'),
(NULL, 14, 'MetadataKey37', NULL, 91, '2025-01-07 15:39:46.793'),
(NULL, 12, 'MetadataKey38', NULL, 82, '2024-12-29 15:39:46.793'),
(NULL, 19, 'MetadataKey39', NULL, 7, '2025-02-04 15:39:46.793'),
(NULL, 19, 'MetadataKey40', NULL, 97, '2025-02-08 15:39:46.793'),
(NULL, NULL, 'MetadataKey41', NULL, 19, '2025-01-31 15:39:46.793'),
(NULL, NULL, 'MetadataKey42', NULL, 83, '2024-12-11 15:39:46.793'),
(NULL, 13, 'MetadataKey43', NULL, 75, '2024-12-31 15:39:46.793'),
(NULL, 15, 'MetadataKey44', NULL, 71, '2025-01-13 15:39:46.793'),
(NULL, 12, 'MetadataKey45', NULL, 38, NULL),
(NULL, 10, 'MetadataKey46', NULL, 38, '2025-01-14 15:39:46.793'),
(NULL, 9, 'MetadataKey47', NULL, 13, NULL),
(NULL, 6, 'MetadataKey48', NULL, 18, '2025-01-20 15:39:46.793'),
(NULL, 6, 'MetadataKey49', NULL, 94, '2025-01-29 15:39:46.793'),
(NULL, 7, 'MetadataKey50', NULL, 6, '2025-01-09 15:39:46.793');

INSERT INTO metadata_value (id, book_id, metadata_key_id, value) VALUES
(NULL, 16, 27, 'MetadataValue1'),
(NULL, 21, 4, 'MetadataValue2'),
(NULL, 14, 28, 'MetadataValue3'),
(NULL, 45, 26, 'MetadataValue4'),
(NULL, 9, 22, 'MetadataValue5'),
(NULL, 25, 37, 'MetadataValue6'),
(NULL, 20, 10, 'MetadataValue7'),
(NULL, 9, 4, 'MetadataValue8'),
(NULL, 43, 34, 'MetadataValue9'),
(NULL, 49, 24, 'MetadataValue10'),
(NULL, 25, 17, 'MetadataValue11'),
(NULL, 42, 26, 'MetadataValue12'),
(NULL, 49, 14, 'MetadataValue13'),
(NULL, 31, 39, 'MetadataValue14'),
(NULL, 18, 16, 'MetadataValue15'),
(NULL, 24, 12, 'MetadataValue16'),
(NULL, 25, 46, 'MetadataValue17'),
(NULL, 25, 10, 'MetadataValue18'),
(NULL, 14, 11, 'MetadataValue19'),
(NULL, 12, 42, 'MetadataValue20'),
(NULL, 6, 17, 'MetadataValue21'),
(NULL, 20, 2, 'MetadataValue22'),
(NULL, 38, 11, 'MetadataValue23'),
(NULL, 21, 20, 'MetadataValue24'),
(NULL, 6, 42, 'MetadataValue25'),
(NULL, 6, 28, 'MetadataValue26'),
(NULL, 40, 17, 'MetadataValue27'),
(NULL, 12, 17, 'MetadataValue28'),
(NULL, 39, 29, 'MetadataValue29'),
(NULL, 25, 24, 'MetadataValue30'),
(NULL, 41, 12, 'MetadataValue31'),
(NULL, 22, 19, 'MetadataValue32'),
(NULL, 7, 44, 'MetadataValue33'),
(NULL, 13, 26, 'MetadataValue34'),
(NULL, 10, 7, 'MetadataValue35'),
(NULL, 38, 4, 'MetadataValue36'),
(NULL, 45, 31, 'MetadataValue37'),
(NULL, 34, 37, 'MetadataValue38'),
(NULL, 15, 23, 'MetadataValue39'),
(NULL, 26, 34, 'MetadataValue40'),
(NULL, 23, 37, 'MetadataValue41'),
(NULL, 44, 49, 'MetadataValue42'),
(NULL, 37, 28, 'MetadataValue43'),
(NULL, 10, 36, 'MetadataValue44'),
(NULL, 30, 41, 'MetadataValue45'),
(NULL, 17, 30, 'MetadataValue46'),
(NULL, 19, 4, 'MetadataValue47'),
(NULL, 6, 46, 'MetadataValue48'),
(NULL, 20, 36, 'MetadataValue49'),
(NULL, 11, 33, 'MetadataValue50'),
(NULL, 25, 12, 'MetadataValue51'),
(NULL, 8, 24, 'MetadataValue52'),
(NULL, 32, 16, 'MetadataValue53'),
(NULL, 10, 8, 'MetadataValue54'),
(NULL, 25, 15, 'MetadataValue55'),
(NULL, 32, 35, 'MetadataValue56'),
(NULL, 14, 8, 'MetadataValue57'),
(NULL, 2, 12, 'MetadataValue58'),
(NULL, 43, 40, 'MetadataValue59'),
(NULL, 15, 15, 'MetadataValue60'),
(NULL, 21, 23, 'MetadataValue61'),
(NULL, 24, 41, 'MetadataValue62'),
(NULL, 1, 44, 'MetadataValue63'),
(NULL, 9, 15, 'MetadataValue64'),
(NULL, 13, 8, 'MetadataValue65'),
(NULL, 5, 12, 'MetadataValue66'),
(NULL, 13, 3, 'MetadataValue67'),
(NULL, 5, 1, 'MetadataValue68'),
(NULL, 27, 29, 'MetadataValue69'),
(NULL, 7, 23, 'MetadataValue70'),
(NULL, 3, 36, 'MetadataValue71'),
(NULL, 2, 15, 'MetadataValue72'),
(NULL, 11, 20, 'MetadataValue73'),
(NULL, 46, 14, 'MetadataValue74'),
(NULL, 11, 1, 'MetadataValue75'),
(NULL, 40, 14, 'MetadataValue76'),
(NULL, 26, 11, 'MetadataValue77'),
(NULL, 40, 6, 'MetadataValue78'),
(NULL, 2, 16, 'MetadataValue79'),
(NULL, 32, 32, 'MetadataValue80'),
(NULL, 36, 18, 'MetadataValue81'),
(NULL, 39, 48, 'MetadataValue82'),
(NULL, 18, 47, 'MetadataValue83'),
(NULL, 37, 18, 'MetadataValue84'),
(NULL, 34, 46, 'MetadataValue85'),
(NULL, 12, 4, 'MetadataValue86'),
(NULL, 39, 5, 'MetadataValue87'),
(NULL, 40, 24, 'MetadataValue88'),
(NULL, 41, 2, 'MetadataValue89'),
(NULL, 43, 44, 'MetadataValue90'),
(NULL, 35, 3, 'MetadataValue91'),
(NULL, 15, 45, 'MetadataValue92'),
(NULL, 43, 21, 'MetadataValue93'),
(NULL, 19, 45, 'MetadataValue94'),
(NULL, 5, 28, 'MetadataValue95'),
(NULL, 7, 20, 'MetadataValue96'),
(NULL, 7, 17, 'MetadataValue97'),
(NULL, 31, 10, 'MetadataValue98'),
(NULL, 20, 15, 'MetadataValue99'),
(NULL, 36, 1, 'MetadataValue100');

INSERT INTO push_token (id, user_id, token, created_at, deleted_at) VALUES
(NULL, 6, 'TOKEN_3065c0b17ce1456b81c3', '2024-08-23 15:39:46.793', NULL),
(NULL, 36, 'TOKEN_da749f474efd42fa8842', '2024-05-13 15:39:46.793', '2025-02-16 15:39:46.793'),
(NULL, 26, 'TOKEN_2b17ec652b264c349741', '2024-09-07 15:39:46.793', '2024-12-18 15:39:46.793'),
(NULL, 20, 'TOKEN_f7ecca05deb54af98c19', '2024-04-12 15:39:46.793', NULL),
(NULL, 8, 'TOKEN_33c0dfa16e264fae9504', '2024-06-16 15:39:46.793', NULL),
(NULL, 49, 'TOKEN_e5bb917b82cd4c0f9170', '2024-04-03 15:39:46.793', NULL),
(NULL, 36, 'TOKEN_e42bb9f1cada450f9fcd', '2024-05-23 15:39:46.793', '2024-11-21 15:39:46.793'),
(NULL, 2, 'TOKEN_034f6649f01d46d69ac2', '2024-11-03 15:39:46.793', '2024-12-23 15:39:46.793'),
(NULL, 49, 'TOKEN_89e0907e8af449c4bb83', '2024-10-28 15:39:46.793', '2024-12-26 15:39:46.793'),
(NULL, 30, 'TOKEN_71281a5aafe949e982e9', '2024-09-04 15:39:46.793', '2024-11-20 15:39:46.793'),
(NULL, 32, 'TOKEN_703a82d619484c5db260', '2024-10-01 15:39:46.793', '2024-12-14 15:39:46.793'),
(NULL, 18, 'TOKEN_ad0a6d1c71fd46e8a206', '2024-07-14 15:39:46.793', '2025-02-03 15:39:46.793'),
(NULL, 40, 'TOKEN_a53c021e2aa6406689a1', '2024-11-20 15:39:46.793', '2024-12-20 15:39:46.793'),
(NULL, 19, 'TOKEN_4295bb2288b8440094d7', '2024-07-10 15:39:46.793', '2024-12-15 15:39:46.793'),
(NULL, 50, 'TOKEN_ffa8886eb96a4762a9a3', '2024-04-27 15:39:46.793', NULL),
(NULL, 37, 'TOKEN_83c8e3884bb44170a25c', '2025-01-01 15:39:46.793', '2024-12-17 15:39:46.793'),
(NULL, 37, 'TOKEN_54aff52bf8a74b1bbdf2', '2024-07-14 15:39:46.793', '2024-12-08 15:39:46.793'),
(NULL, 13, 'TOKEN_e9350da7e5c54679b868', '2025-01-02 15:39:46.793', '2025-01-08 15:39:46.793'),
(NULL, 1, 'TOKEN_4495ba4fb6e746878a67', '2024-12-09 15:39:46.793', '2024-12-31 15:39:46.793'),
(NULL, 1, 'TOKEN_2eacfcbae3474787bbca', '2024-07-31 15:39:46.793', '2025-02-05 15:39:46.793'),
(NULL, 18, 'TOKEN_c8a5989199d54abc863a', '2024-07-29 15:39:46.793', '2024-11-26 15:39:46.793'),
(NULL, 29, 'TOKEN_b55205e0c15445219677', '2024-06-12 15:39:46.793', '2025-01-09 15:39:46.793'),
(NULL, 25, 'TOKEN_cc5e26d44a7643dfb40a', '2024-11-07 15:39:46.793', '2024-12-25 15:39:46.793'),
(NULL, 21, 'TOKEN_0e8818506c9e4df48766', '2024-11-17 15:39:46.793', '2024-12-20 15:39:46.793'),
(NULL, 39, 'TOKEN_3cf29c7eec404be28c56', '2024-12-01 15:39:46.793', '2024-12-31 15:39:46.793'),
(NULL, 42, 'TOKEN_a0da04888f5949dca6bc', '2024-06-03 15:39:46.793', '2024-12-01 15:39:46.793'),
(NULL, 29, 'TOKEN_4ccc688b94c347baa80a', '2024-04-02 15:39:46.793', '2025-01-08 15:39:46.793'),
(NULL, 9, 'TOKEN_5aaf154ad8db46389a6f', '2024-06-19 15:39:46.793', '2025-01-30 15:39:46.793'),
(NULL, 12, 'TOKEN_9e2a7c464d01411ca28c', '2024-11-30 15:39:46.793', '2024-12-04 15:39:46.793'),
(NULL, 6, 'TOKEN_a2a9b0c128fe49168ea6', '2025-01-19 15:39:46.793', NULL),
(NULL, 25, 'TOKEN_7925891db3a44e29b4fc', '2024-11-11 15:39:46.793', '2025-01-04 15:39:46.793'),
(NULL, 28, 'TOKEN_932fd32d12ce4f52b9b4', '2024-03-03 15:39:46.793', '2024-12-21 15:39:46.793'),
(NULL, 44, 'TOKEN_d8a96f02b37344bc8234', '2024-09-11 15:39:46.793', '2025-02-18 15:39:46.793'),
(NULL, 31, 'TOKEN_8e109629102d41b381e8', '2024-12-24 15:39:46.793', '2025-02-14 15:39:46.793'),
(NULL, 16, 'TOKEN_0e6caf985ddf443f9257', '2024-09-29 15:39:46.793', '2025-01-29 15:39:46.793'),
(NULL, 49, 'TOKEN_3043b3d357794b16aa62', '2024-04-30 15:39:46.793', '2024-12-18 15:39:46.793'),
(NULL, 16, 'TOKEN_3d1eb21ad32a443785eb', '2024-12-23 15:39:46.793', '2025-01-13 15:39:46.793'),
(NULL, 33, 'TOKEN_8ac9804b2a62484ca9d2', '2024-08-04 15:39:46.793', '2025-01-10 15:39:46.793'),
(NULL, 48, 'TOKEN_c3151608874a40cba6ab', '2025-02-22 15:39:46.793', '2025-01-01 15:39:46.793'),
(NULL, 45, 'TOKEN_071724f664fa4c61b1c6', '2024-10-02 15:39:46.793', '2024-11-24 15:39:46.793'),
(NULL, 3, 'TOKEN_8305a632acc14711bea1', '2024-11-06 15:39:46.793', NULL),
(NULL, 34, 'TOKEN_a65ab5bc9a644ac0a657', '2024-04-22 15:39:46.793', '2024-12-06 15:39:46.793'),
(NULL, 38, 'TOKEN_f8f5065e76a242fca2e9', '2024-12-31 15:39:46.793', '2024-11-16 15:39:46.793'),
(NULL, 25, 'TOKEN_b8e2b41ff16b4efba35d', '2024-06-03 15:39:46.793', '2024-12-27 15:39:46.793'),
(NULL, 33, 'TOKEN_35ae50df20d543288788', '2025-02-02 15:39:46.793', '2025-01-27 15:39:46.793'),
(NULL, 13, 'TOKEN_075b1e2a8ecd4a2a9036', '2024-07-05 15:39:46.793', '2024-12-19 15:39:46.793'),
(NULL, 45, 'TOKEN_b66891d202f84a2ab75a', '2024-12-17 15:39:46.793', '2024-12-05 15:39:46.793'),
(NULL, 38, 'TOKEN_a496e872bffd4031b47d', '2024-07-08 15:39:46.793', '2025-01-08 15:39:46.793'),
(NULL, 32, 'TOKEN_2c78273aee3748d7aa69', '2024-04-30 15:39:46.793', '2024-12-17 15:39:46.793'),
(NULL, 13, 'TOKEN_b6ed1f766c694241a04b', '2024-10-05 15:39:46.793', '2025-01-19 15:39:46.793'),
(NULL, 4, 'TOKEN_46bd7a40b2bb45c6a255', '2024-05-23 15:39:46.793', '2025-02-13 15:39:46.793'),
(NULL, 35, 'TOKEN_5d45a8645cc0426baa81', '2024-11-24 15:39:46.793', '2024-12-08 15:39:46.793'),
(NULL, 26, 'TOKEN_9b099e4ff3234ef7add5', '2025-01-04 15:39:46.793', '2025-01-31 15:39:46.793'),
(NULL, 32, 'TOKEN_dbbd42bf9e104cc6948a', '2024-11-22 15:39:46.793', '2024-12-12 15:39:46.793'),
(NULL, 23, 'TOKEN_2b92d69d200a49f58cd7', '2025-02-20 15:39:46.793', '2025-01-01 15:39:46.793'),
(NULL, 20, 'TOKEN_798251da188b428c8858', '2024-03-08 15:39:46.793', '2025-02-22 15:39:46.793'),
(NULL, 27, 'TOKEN_24e1d547c4a34ddea578', '2024-06-10 15:39:46.793', '2025-01-27 15:39:46.793'),
(NULL, 23, 'TOKEN_e50c47888c91483cbe6e', '2024-10-11 15:39:46.793', '2024-12-16 15:39:46.793'),
(NULL, 26, 'TOKEN_f6e0230b23b04adeaf63', '2024-03-05 15:39:46.793', '2025-01-10 15:39:46.793'),
(NULL, 11, 'TOKEN_81b6ff2c30eb4aa3a517', '2024-12-27 15:39:46.793', '2024-11-18 15:39:46.793'),
(NULL, 50, 'TOKEN_5ca4fee0a2af40009d78', '2024-03-18 15:39:46.793', '2024-12-15 15:39:46.793'),
(NULL, 8, 'TOKEN_2225b7e342594c89ae10', '2024-08-22 15:39:46.793', '2025-01-06 15:39:46.793'),
(NULL, 8, 'TOKEN_fbc09cb8aca847099275', '2024-11-17 15:39:46.793', '2025-01-08 15:39:46.793'),
(NULL, 34, 'TOKEN_e39f650e18114cfa8299', '2025-02-02 15:39:46.793', NULL),
(NULL, 19, 'TOKEN_e01b99c886be43cc8db3', '2024-12-28 15:39:46.793', '2025-01-23 15:39:46.793'),
(NULL, 44, 'TOKEN_4ed26272bc064b5291e0', '2024-08-24 15:39:46.793', '2025-02-21 15:39:46.793'),
(NULL, 45, 'TOKEN_517de3236ca24ee58768', '2024-04-08 15:39:46.793', '2025-01-25 15:39:46.793'),
(NULL, 30, 'TOKEN_a7d686f2ab31451988d8', '2024-04-30 15:39:46.793', '2024-12-01 15:39:46.793'),
(NULL, 26, 'TOKEN_5d6c7c8f0af245b2876b', '2024-04-12 15:39:46.793', '2024-11-16 15:39:46.793'),
(NULL, 9, 'TOKEN_a627fa3fc8004c62be25', '2024-07-05 15:39:46.793', '2025-02-16 15:39:46.793'),
(NULL, 48, 'TOKEN_6f0066c4add4406482f4', '2024-09-21 15:39:46.793', '2025-01-13 15:39:46.793'),
(NULL, 33, 'TOKEN_f0b852e1c39847c3a2e1', '2025-02-01 15:39:46.793', NULL),
(NULL, 38, 'TOKEN_742c421132bb45318ec9', '2024-11-17 15:39:46.793', '2025-02-19 15:39:46.793'),
(NULL, 33, 'TOKEN_15075a59b08048059efe', '2024-07-01 15:39:46.793', '2024-11-30 15:39:46.793'),
(NULL, 7, 'TOKEN_33ad50d1c916454b963a', '2024-06-20 15:39:46.793', '2024-12-07 15:39:46.793'),
(NULL, 28, 'TOKEN_153adca487d54368b9ed', '2024-04-25 15:39:46.793', '2024-12-04 15:39:46.793'),
(NULL, 38, 'TOKEN_b42b2a8491af42588f98', '2024-12-30 15:39:46.793', '2025-01-16 15:39:46.793'),
(NULL, 46, 'TOKEN_fc05299420344643a1f8', '2025-01-20 15:39:46.793', '2025-01-19 15:39:46.793'),
(NULL, 17, 'TOKEN_cac8a6224aa84eaf8d1e', '2024-05-14 15:39:46.793', NULL),
(NULL, 43, 'TOKEN_40643675cc9f43329b2d', '2025-01-27 15:39:46.793', '2025-01-24 15:39:46.793'),
(NULL, 20, 'TOKEN_3741976da3ee40f4a063', '2024-05-22 15:39:46.793', NULL),
(NULL, 32, 'TOKEN_c6f09dea5f124cb0bbaa', '2024-12-17 15:39:46.793', '2025-01-02 15:39:46.793'),
(NULL, 9, 'TOKEN_ceed4a72cc67467a8de2', '2024-08-05 15:39:46.793', '2025-02-02 15:39:46.793'),
(NULL, 5, 'TOKEN_da5325ea54934743a8d5', '2024-06-24 15:39:46.793', '2025-01-05 15:39:46.793'),
(NULL, 24, 'TOKEN_68e94ce4d3c34927b8d3', '2024-10-17 15:39:46.793', '2025-02-23 15:39:46.793'),
(NULL, 22, 'TOKEN_91a946f285b74a2badc0', '2024-08-07 15:39:46.793', '2024-12-10 15:39:46.793'),
(NULL, 31, 'TOKEN_f7c60167ac674e58988f', '2024-07-21 15:39:46.793', '2025-01-05 15:39:46.793'),
(NULL, 15, 'TOKEN_c609b5538dd841189644', '2024-07-16 15:39:46.793', '2024-12-29 15:39:46.793'),
(NULL, 17, 'TOKEN_48dd4d8a98ff47faad57', '2024-12-14 15:39:46.793', '2025-01-09 15:39:46.793'),
(NULL, 3, 'TOKEN_520cf75941a44aec9384', '2024-04-09 15:39:46.793', '2025-01-28 15:39:46.793'),
(NULL, 42, 'TOKEN_a3a5a5c0cf714a4686f6', '2025-01-14 15:39:46.793', NULL),
(NULL, 28, 'TOKEN_45c81766675a45c587e3', '2024-09-25 15:39:46.793', '2025-01-29 15:39:46.793'),
(NULL, 45, 'TOKEN_cd5b8bd5a3844767bfb6', '2024-08-12 15:39:46.793', '2025-02-21 15:39:46.793'),
(NULL, 41, 'TOKEN_699b7211b065493cb6cb', '2024-08-07 15:39:46.793', '2024-11-17 15:39:46.793'),
(NULL, 23, 'TOKEN_243f4a7ad4ab48c4a3e3', '2024-08-11 15:39:46.793', '2024-11-16 15:39:46.793'),
(NULL, 36, 'TOKEN_0504c17de586426c9a1d', '2024-11-30 15:39:46.793', '2025-01-30 15:39:46.793'),
(NULL, 35, 'TOKEN_11da0a9d0eed4ad1a77c', '2024-06-28 15:39:46.793', '2025-01-12 15:39:46.793'),
(NULL, 49, 'TOKEN_8fa24629cc464caa95d4', '2024-06-27 15:39:46.793', '2025-02-19 15:39:46.793'),
(NULL, 14, 'TOKEN_0f64a6e371f845eeb80a', '2024-08-14 15:39:46.793', '2025-01-25 15:39:46.793'),
(NULL, 3, 'TOKEN_d4585e68f7c24b5ca116', '2025-01-20 15:39:46.793', '2025-02-05 15:39:46.793');

INSERT INTO reading_session (id, user_id, book_id, spineIdRef, read_at, duration_in_seconds) VALUES
(NULL, 38, 9, 'spineRef12', '2024-10-28 15:39:46.793', 3546),
(NULL, 21, 36, 'spineRef2', '2024-07-30 15:39:46.793', 1220),
(NULL, 10, 15, 'spineRef13', '2024-12-18 15:39:46.793', 2503),
(NULL, 20, 11, 'spineRef15', '2024-07-26 15:39:46.793', 2796),
(NULL, 29, 50, 'spineRef9', '2024-08-24 15:39:46.793', 2976),
(NULL, 50, 19, 'spineRef20', '2025-01-09 15:39:46.793', 3405),
(NULL, 10, 20, 'spineRef10', '2025-02-12 15:39:46.793', 463),
(NULL, 13, 43, 'spineRef4', '2024-04-19 15:39:46.793', 3253),
(NULL, 32, 5, 'spineRef10', '2024-06-09 15:39:46.793', 2576),
(NULL, 12, 33, 'spineRef19', '2024-12-24 15:39:46.793', 2735),
(NULL, 29, 18, 'spineRef5', '2024-11-26 15:39:46.793', 234),
(NULL, 32, 8, 'spineRef2', '2024-09-27 15:39:46.793', 1802),
(NULL, 8, 49, 'spineRef2', '2025-02-01 15:39:46.793', 1159),
(NULL, 44, 6, 'spineRef8', '2024-09-11 15:39:46.793', 2742),
(NULL, 37, 3, 'spineRef8', '2024-05-01 15:39:46.793', 2929),
(NULL, 46, 5, 'spineRef9', '2025-01-22 15:39:46.793', 2863),
(NULL, 22, 21, 'spineRef15', '2024-08-26 15:39:46.793', 3276),
(NULL, 15, 14, 'spineRef10', '2025-01-23 15:39:46.793', 1957),
(NULL, 36, 28, 'spineRef11', '2024-05-19 15:39:46.793', 287),
(NULL, 21, 17, 'spineRef19', '2025-01-01 15:39:46.793', 2846),
(NULL, 5, 28, 'spineRef17', '2024-09-18 15:39:46.793', 2475),
(NULL, 21, 4, 'spineRef11', '2024-03-23 15:39:46.793', 2843),
(NULL, 7, 41, 'spineRef2', '2024-06-08 15:39:46.793', 389),
(NULL, 2, 18, 'spineRef4', '2024-10-10 15:39:46.793', 1141),
(NULL, 27, 19, 'spineRef13', '2024-11-13 15:39:46.793', 2130),
(NULL, 4, 43, 'spineRef20', '2024-07-09 15:39:46.793', 134),
(NULL, 43, 41, 'spineRef9', '2024-03-25 15:39:46.793', 2399),
(NULL, 2, 49, 'spineRef5', '2024-11-11 15:39:46.793', 1784),
(NULL, 45, 10, 'spineRef11', '2025-01-28 15:39:46.793', 394),
(NULL, 47, 4, 'spineRef14', '2024-03-08 15:39:46.793', 3350),
(NULL, 5, 9, 'spineRef7', '2024-04-23 15:39:46.793', 2034),
(NULL, 16, 27, 'spineRef6', '2024-03-01 15:39:46.793', 1125),
(NULL, 22, 10, 'spineRef20', '2024-06-13 15:39:46.793', 970),
(NULL, 33, 19, 'spineRef3', '2024-03-15 15:39:46.793', 3295),
(NULL, 41, 41, 'spineRef4', '2024-09-10 15:39:46.793', 2950),
(NULL, 13, 3, 'spineRef5', '2024-12-13 15:39:46.793', 3005),
(NULL, 25, 32, 'spineRef3', '2024-12-09 15:39:46.793', 470),
(NULL, 42, 6, 'spineRef4', '2024-08-03 15:39:46.793', 72),
(NULL, 13, 5, 'spineRef1', '2024-07-08 15:39:46.793', 963),
(NULL, 28, 7, 'spineRef13', '2024-05-28 15:39:46.793', 1391),
(NULL, 34, 25, 'spineRef13', '2024-03-29 15:39:46.793', 3415),
(NULL, 10, 1, 'spineRef6', '2025-01-27 15:39:46.793', 197),
(NULL, 25, 43, 'spineRef3', '2024-10-13 15:39:46.793', 669),
(NULL, 6, 35, 'spineRef15', '2024-11-01 15:39:46.793', 3000),
(NULL, 3, 25, 'spineRef6', '2024-07-17 15:39:46.793', 2406),
(NULL, 21, 44, 'spineRef14', '2024-06-28 15:39:46.793', 2121),
(NULL, 39, 6, 'spineRef5', '2024-10-29 15:39:46.793', 3589),
(NULL, 34, 21, 'spineRef2', '2024-05-30 15:39:46.793', 174),
(NULL, 29, 40, 'spineRef4', '2024-11-16 15:39:46.793', 2918),
(NULL, 32, 36, 'spineRef2', '2024-04-23 15:39:46.793', 2879),
(NULL, 24, 11, 'spineRef8', '2024-05-29 15:39:46.793', 3245),
(NULL, 2, 30, 'spineRef10', '2024-05-08 15:39:46.793', 2197),
(NULL, 29, 49, 'spineRef3', '2024-04-17 15:39:46.793', 571),
(NULL, 17, 12, 'spineRef6', '2024-04-01 15:39:46.793', 1576),
(NULL, 38, 2, 'spineRef4', '2024-11-26 15:39:46.793', 2505),
(NULL, 38, 34, 'spineRef7', '2024-05-16 15:39:46.793', 1731),
(NULL, 27, 29, 'spineRef12', '2024-11-04 15:39:46.793', 3121),
(NULL, 24, 47, 'spineRef15', '2024-05-22 15:39:46.793', 2810),
(NULL, 4, 25, 'spineRef13', '2024-05-11 15:39:46.793', 850),
(NULL, 5, 20, 'spineRef9', '2024-08-24 15:39:46.793', 1909),
(NULL, 5, 46, 'spineRef6', '2024-08-25 15:39:46.793', 1359),
(NULL, 17, 43, 'spineRef10', '2024-06-13 15:39:46.793', 2675),
(NULL, 2, 22, 'spineRef13', '2024-06-17 15:39:46.793', 482),
(NULL, 4, 44, 'spineRef17', '2025-01-13 15:39:46.793', 3512),
(NULL, 29, 18, 'spineRef1', '2024-09-17 15:39:46.793', 1828),
(NULL, 6, 11, 'spineRef19', '2024-04-29 15:39:46.793', 2949),
(NULL, 12, 29, 'spineRef16', '2025-02-09 15:39:46.793', 3203),
(NULL, 29, 9, 'spineRef7', '2024-10-09 15:39:46.793', 1450),
(NULL, 12, 37, 'spineRef3', '2024-09-30 15:39:46.793', 2358),
(NULL, 12, 30, 'spineRef5', '2024-10-26 15:39:46.793', 2660),
(NULL, 4, 40, 'spineRef18', '2024-03-02 15:39:46.793', 1417),
(NULL, 33, 46, 'spineRef9', '2024-02-27 15:39:46.793', 951),
(NULL, 32, 45, 'spineRef14', '2024-09-26 15:39:46.793', 2108),
(NULL, 2, 15, 'spineRef9', '2024-10-05 15:39:46.793', 1696),
(NULL, 19, 38, 'spineRef14', '2024-03-09 15:39:46.793', 3339),
(NULL, 2, 32, 'spineRef11', '2024-11-28 15:39:46.793', 817),
(NULL, 27, 7, 'spineRef6', '2024-05-31 15:39:46.793', 2311),
(NULL, 15, 16, 'spineRef6', '2024-09-17 15:39:46.793', 1130),
(NULL, 13, 29, 'spineRef10', '2024-09-19 15:39:46.793', 3041),
(NULL, 2, 10, 'spineRef18', '2024-06-01 15:39:46.793', 1263),
(NULL, 16, 24, 'spineRef2', '2025-01-11 15:39:46.793', 2876),
(NULL, 50, 49, 'spineRef20', '2024-05-21 15:39:46.793', 1228),
(NULL, 14, 6, 'spineRef1', '2024-09-22 15:39:46.793', 2586),
(NULL, 45, 19, 'spineRef5', '2024-08-07 15:39:46.793', 1824),
(NULL, 2, 4, 'spineRef17', '2024-06-23 15:39:46.793', 1402),
(NULL, 19, 19, 'spineRef4', '2024-04-13 15:39:46.793', 210),
(NULL, 25, 27, 'spineRef20', '2024-05-15 15:39:46.793', 2800),
(NULL, 49, 16, 'spineRef20', '2024-11-15 15:39:46.793', 2931),
(NULL, 6, 27, 'spineRef17', '2024-07-31 15:39:46.793', 1212),
(NULL, 7, 38, 'spineRef6', '2024-05-05 15:39:46.793', 1220),
(NULL, 49, 47, 'spineRef4', '2024-03-16 15:39:46.793', 3533),
(NULL, 3, 41, 'spineRef14', '2024-06-18 15:39:46.793', 1049),
(NULL, 8, 22, 'spineRef3', '2025-02-08 15:39:46.793', 2852),
(NULL, 12, 12, 'spineRef4', '2024-06-20 15:39:46.793', 944),
(NULL, 9, 41, 'spineRef1', '2025-01-22 15:39:46.793', 2765),
(NULL, 36, 18, 'spineRef12', '2024-06-29 15:39:46.793', 1311),
(NULL, 2, 39, 'spineRef5', '2024-11-08 15:39:46.793', 351),
(NULL, 25, 34, 'spineRef12', '2024-12-17 15:39:46.793', 1390),
(NULL, 21, 21, 'spineRef10', '2025-02-13 15:39:46.793', 1320),
(NULL, 35, 1, 'spineRef7', '2024-09-20 15:39:46.793', 2939);

INSERT INTO subscription (id, idp_id, label, deleted_at) VALUES
(NULL, 3, 'Subscription 1', NULL),
(NULL, 17, 'Subscription 2', '2025-01-31 15:39:46.793'),
(NULL, 12, 'Subscription 3', '2025-01-17 15:39:46.793'),
(NULL, 1, 'Subscription 4', '2025-02-22 15:39:46.793'),
(NULL, 12, 'Subscription 5', '2025-02-18 15:39:46.793'),
(NULL, 17, 'Subscription 6', '2024-12-24 15:39:46.793'),
(NULL, 3, 'Subscription 7', '2025-01-09 15:39:46.793'),
(NULL, 6, 'Subscription 8', '2025-02-08 15:39:46.793'),
(NULL, 11, 'Subscription 9', '2025-01-21 15:39:46.793'),
(NULL, 19, 'Subscription 10', '2024-12-02 15:39:46.793'),
(NULL, 12, 'Subscription 11', NULL),
(NULL, 18, 'Subscription 12', '2025-01-28 15:39:46.793'),
(NULL, 14, 'Subscription 13', '2024-12-24 15:39:46.793'),
(NULL, 15, 'Subscription 14', '2024-12-24 15:39:46.793'),
(NULL, 7, 'Subscription 15', '2025-01-27 15:39:46.793'),
(NULL, 17, 'Subscription 16', '2024-12-04 15:39:46.793'),
(NULL, 13, 'Subscription 17', '2025-02-19 15:39:46.793'),
(NULL, 8, 'Subscription 18', NULL),
(NULL, 9, 'Subscription 19', '2024-12-21 15:39:46.793'),
(NULL, 3, 'Subscription 20', '2025-02-18 15:39:46.793'),
(NULL, 13, 'Subscription 21', '2025-01-30 15:39:46.793'),
(NULL, 10, 'Subscription 22', '2024-12-03 15:39:46.793'),
(NULL, 1, 'Subscription 23', '2024-11-17 15:39:46.793'),
(NULL, 16, 'Subscription 24', '2025-01-09 15:39:46.793'),
(NULL, 11, 'Subscription 25', '2024-11-29 15:39:46.793'),
(NULL, 5, 'Subscription 26', '2025-01-05 15:39:46.793'),
(NULL, 12, 'Subscription 27', '2024-11-23 15:39:46.793'),
(NULL, 4, 'Subscription 28', '2024-12-10 15:39:46.793'),
(NULL, 10, 'Subscription 29', '2025-01-05 15:39:46.793'),
(NULL, 5, 'Subscription 30', '2024-11-28 15:39:46.793'),
(NULL, 9, 'Subscription 31', '2025-01-13 15:39:46.793'),
(NULL, 18, 'Subscription 32', '2025-02-20 15:39:46.793'),
(NULL, 20, 'Subscription 33', '2025-01-20 15:39:46.793'),
(NULL, 12, 'Subscription 34', '2024-12-21 15:39:46.793'),
(NULL, 6, 'Subscription 35', '2025-01-07 15:39:46.793'),
(NULL, 20, 'Subscription 36', '2024-11-24 15:39:46.793'),
(NULL, 11, 'Subscription 37', '2024-11-24 15:39:46.793'),
(NULL, 14, 'Subscription 38', '2025-02-03 15:39:46.793'),
(NULL, 15, 'Subscription 39', '2025-02-19 15:39:46.793'),
(NULL, 17, 'Subscription 40', NULL),
(NULL, 5, 'Subscription 41', '2025-02-07 15:39:46.793'),
(NULL, 18, 'Subscription 42', '2024-12-30 15:39:46.793'),
(NULL, 2, 'Subscription 43', '2025-01-26 15:39:46.793'),
(NULL, 4, 'Subscription 44', '2025-02-10 15:39:46.793'),
(NULL, 17, 'Subscription 45', '2025-01-20 15:39:46.793'),
(NULL, 7, 'Subscription 46', '2025-01-12 15:39:46.793'),
(NULL, 6, 'Subscription 47', '2025-01-06 15:39:46.793'),
(NULL, 15, 'Subscription 48', '2025-01-24 15:39:46.793'),
(NULL, 9, 'Subscription 49', '2025-01-08 15:39:46.793'),
(NULL, 8, 'Subscription 50', '2025-02-16 15:39:46.793');

INSERT INTO subscription_instance (id, subscription_id, user_id, first_given_access_at, expires_at, enhanced_tools_expire_at) VALUES
(NULL, 36, 9, '2024-12-24 15:39:46.793', '2025-02-28 15:39:46.793', '2025-08-08 15:39:46.793'),
(NULL, 44, 34, '2024-05-27 15:39:46.793', '2025-04-03 15:39:46.793', '2025-07-11 15:39:46.793'),
(NULL, 50, 1, '2024-07-02 15:39:46.793', '2025-04-16 15:39:46.793', NULL),
(NULL, 43, 18, '2024-06-25 15:39:46.793', NULL, '2025-07-01 15:39:46.793'),
(NULL, 1, 28, '2024-08-09 15:39:46.793', '2025-11-03 15:39:46.793', '2025-05-05 15:39:46.793'),
(NULL, 42, 10, '2024-05-09 15:39:46.793', NULL, '2025-05-19 15:39:46.793'),
(NULL, 7, 31, '2024-09-09 15:39:46.793', '2026-02-10 15:39:46.793', '2025-03-07 15:39:46.793'),
(NULL, 42, 26, '2024-03-04 15:39:46.793', NULL, '2025-07-16 15:39:46.793'),
(NULL, 17, 28, '2024-09-28 15:39:46.793', '2025-07-23 15:39:46.793', NULL),
(NULL, 45, 37, '2025-02-02 15:39:46.793', NULL, '2025-05-01 15:39:46.793'),
(NULL, 15, 17, '2025-01-18 15:39:46.793', NULL, '2025-07-31 15:39:46.793'),
(NULL, 27, 42, '2024-07-28 15:39:46.793', '2026-02-14 15:39:46.793', '2025-03-27 15:39:46.793'),
(NULL, 14, 28, '2025-02-13 15:39:46.793', '2025-04-20 15:39:46.793', '2025-05-01 15:39:46.793'),
(NULL, 10, 28, '2024-05-13 15:39:46.793', '2025-03-22 15:39:46.793', NULL),
(NULL, 48, 9, '2025-01-09 15:39:46.793', NULL, '2025-06-07 15:39:46.793'),
(NULL, 21, 18, '2024-07-07 15:39:46.793', '2025-10-15 15:39:46.793', '2025-04-06 15:39:46.793'),
(NULL, 33, 12, '2024-04-16 15:39:46.793', '2025-09-12 15:39:46.793', NULL),
(NULL, 41, 44, '2024-06-10 15:39:46.793', '2025-08-30 15:39:46.793', '2025-06-03 15:39:46.793'),
(NULL, 3, 44, '2024-03-24 15:39:46.793', '2025-10-16 15:39:46.793', '2025-03-17 15:39:46.793'),
(NULL, 29, 1, '2024-11-26 15:39:46.793', NULL, '2025-07-03 15:39:46.793'),
(NULL, 18, 44, '2024-04-13 15:39:46.793', '2025-10-28 15:39:46.793', NULL),
(NULL, 34, 45, '2024-12-12 15:39:46.793', '2025-05-29 15:39:46.793', '2025-07-22 15:39:46.793'),
(NULL, 15, 44, '2024-09-09 15:39:46.793', '2025-07-01 15:39:46.793', '2025-03-12 15:39:46.793'),
(NULL, 17, 2, '2024-12-24 15:39:46.793', '2025-12-17 15:39:46.793', '2025-03-09 15:39:46.793'),
(NULL, 16, 6, '2024-03-24 15:39:46.793', '2025-08-14 15:39:46.793', NULL),
(NULL, 13, 19, '2025-01-16 15:39:46.793', NULL, '2025-04-02 15:39:46.793'),
(NULL, 48, 28, '2025-01-21 15:39:46.793', '2025-09-03 15:39:46.793', NULL),
(NULL, 43, 42, '2024-04-12 15:39:46.793', '2025-10-04 15:39:46.793', '2025-04-02 15:39:46.793'),
(NULL, 7, 34, '2024-03-27 15:39:46.793', '2025-08-02 15:39:46.793', '2025-04-26 15:39:46.793'),
(NULL, 32, 45, '2024-08-13 15:39:46.793', NULL, '2025-05-07 15:39:46.793'),
(NULL, 15, 38, '2025-01-01 15:39:46.793', '2025-11-26 15:39:46.793', '2025-05-04 15:39:46.793'),
(NULL, 6, 15, '2024-09-11 15:39:46.793', '2025-10-30 15:39:46.793', '2025-04-01 15:39:46.793'),
(NULL, 27, 22, '2024-11-02 15:39:46.793', NULL, '2025-07-14 15:39:46.793'),
(NULL, 31, 19, '2025-01-02 15:39:46.793', NULL, NULL),
(NULL, 14, 15, '2025-02-03 15:39:46.793', '2025-03-11 15:39:46.793', '2025-05-26 15:39:46.793'),
(NULL, 19, 7, '2024-08-23 15:39:46.793', '2026-02-23 15:39:46.793', '2025-06-03 15:39:46.793'),
(NULL, 18, 13, '2024-06-29 15:39:46.793', '2025-05-02 15:39:46.793', '2025-08-16 15:39:46.793'),
(NULL, 31, 6, '2024-06-06 15:39:46.793', '2025-11-03 15:39:46.793', '2025-04-15 15:39:46.793'),
(NULL, 35, 49, '2024-12-30 15:39:46.793', NULL, '2025-07-12 15:39:46.793'),
(NULL, 49, 20, '2024-03-24 15:39:46.793', '2025-04-25 15:39:46.793', NULL),
(NULL, 25, 17, '2024-08-19 15:39:46.793', '2025-11-27 15:39:46.793', '2025-06-19 15:39:46.793'),
(NULL, 10, 14, '2024-03-17 15:39:46.793', NULL, '2025-06-22 15:39:46.793'),
(NULL, 35, 8, '2024-08-10 15:39:46.793', NULL, '2025-06-26 15:39:46.793'),
(NULL, 45, 36, '2024-09-22 15:39:46.793', NULL, NULL),
(NULL, 47, 40, '2024-12-17 15:39:46.793', '2025-12-16 15:39:46.793', '2025-08-22 15:39:46.793'),
(NULL, 18, 4, '2024-07-13 15:39:46.793', '2025-05-09 15:39:46.793', '2025-04-30 15:39:46.793'),
(NULL, 39, 29, '2024-04-02 15:39:46.793', NULL, '2025-07-10 15:39:46.793'),
(NULL, 27, 27, '2024-11-09 15:39:46.793', '2025-10-28 15:39:46.793', '2025-04-24 15:39:46.793'),
(NULL, 6, 50, '2024-07-15 15:39:46.793', '2025-08-14 15:39:46.793', '2025-03-17 15:39:46.793'),
(NULL, 45, 49, '2024-09-26 15:39:46.793', '2025-09-18 15:39:46.793', '2025-08-16 15:39:46.793'),
(NULL, 16, 1, '2024-08-03 15:39:46.793', '2025-06-26 15:39:46.793', NULL),
(NULL, 42, 6, '2024-08-16 15:39:46.793', '2025-09-27 15:39:46.793', '2025-03-18 15:39:46.793'),
(NULL, 25, 40, '2024-03-14 15:39:46.793', NULL, NULL),
(NULL, 47, 28, '2024-11-14 15:39:46.793', '2025-11-24 15:39:46.793', NULL),
(NULL, 25, 44, '2024-03-27 15:39:46.793', '2025-04-19 15:39:46.793', '2025-05-13 15:39:46.793'),
(NULL, 39, 15, '2024-03-17 15:39:46.793', NULL, '2025-06-25 15:39:46.793'),
(NULL, 6, 31, '2025-01-17 15:39:46.793', NULL, NULL),
(NULL, 16, 50, '2025-02-03 15:39:46.793', '2025-09-17 15:39:46.793', '2025-03-21 15:39:46.793'),
(NULL, 44, 13, '2024-08-15 15:39:46.793', '2025-05-22 15:39:46.793', '2025-07-09 15:39:46.793'),
(NULL, 50, 27, '2024-10-27 15:39:46.793', '2025-03-04 15:39:46.793', NULL),
(NULL, 41, 50, '2024-08-02 15:39:46.793', '2025-10-07 15:39:46.793', '2025-07-21 15:39:46.793'),
(NULL, 34, 46, '2024-05-12 15:39:46.793', '2025-08-05 15:39:46.793', NULL),
(NULL, 27, 44, '2024-06-19 15:39:46.793', '2025-08-20 15:39:46.793', NULL),
(NULL, 13, 9, '2024-09-26 15:39:46.793', '2026-01-09 15:39:46.793', '2025-04-06 15:39:46.793'),
(NULL, 14, 1, '2024-05-15 15:39:46.793', NULL, '2025-05-04 15:39:46.793'),
(NULL, 20, 43, '2024-04-07 15:39:46.793', NULL, '2025-08-07 15:39:46.793'),
(NULL, 34, 6, '2024-12-08 15:39:46.793', '2026-01-29 15:39:46.793', '2025-05-14 15:39:46.793'),
(NULL, 38, 38, '2025-01-22 15:39:46.793', '2025-04-17 15:39:46.793', '2025-04-13 15:39:46.793'),
(NULL, 32, 9, '2024-08-30 15:39:46.793', '2025-04-28 15:39:46.793', '2025-03-26 15:39:46.793'),
(NULL, 18, 11, '2024-08-20 15:39:46.793', '2025-11-01 15:39:46.793', '2025-06-27 15:39:46.793'),
(NULL, 28, 6, '2024-11-17 15:39:46.793', '2026-02-09 15:39:46.793', NULL),
(NULL, 23, 16, '2024-03-16 15:39:46.793', NULL, '2025-07-14 15:39:46.793'),
(NULL, 36, 13, '2024-03-10 15:39:46.793', '2025-06-23 15:39:46.793', '2025-06-25 15:39:46.793'),
(NULL, 47, 50, '2025-01-23 15:39:46.793', '2025-07-25 15:39:46.793', '2025-03-20 15:39:46.793'),
(NULL, 20, 38, '2024-09-16 15:39:46.793', '2025-10-06 15:39:46.793', '2025-08-21 15:39:46.793'),
(NULL, 15, 5, '2024-07-04 15:39:46.793', '2025-11-18 15:39:46.793', '2025-04-26 15:39:46.793'),
(NULL, 41, 20, '2025-02-16 15:39:46.793', '2025-05-24 15:39:46.793', '2025-04-15 15:39:46.793'),
(NULL, 50, 7, '2025-02-06 15:39:46.793', '2025-06-11 15:39:46.793', '2025-05-14 15:39:46.793'),
(NULL, 27, 4, '2024-06-04 15:39:46.793', '2025-03-01 15:39:46.793', '2025-02-26 15:39:46.793'),
(NULL, 6, 34, '2024-10-07 15:39:46.793', '2025-03-09 15:39:46.793', NULL),
(NULL, 25, 43, '2024-09-06 15:39:46.793', '2025-11-25 15:39:46.793', '2025-04-12 15:39:46.793'),
(NULL, 12, 11, '2024-06-03 15:39:46.793', '2025-04-17 15:39:46.793', NULL),
(NULL, 14, 38, '2025-01-18 15:39:46.793', NULL, NULL),
(NULL, 29, 36, '2024-10-05 15:39:46.793', '2026-02-11 15:39:46.793', NULL),
(NULL, 32, 42, '2024-12-02 15:39:46.793', NULL, '2025-06-22 15:39:46.793'),
(NULL, 33, 39, '2024-06-04 15:39:46.793', NULL, '2025-07-30 15:39:46.793'),
(NULL, 47, 27, '2024-05-14 15:39:46.793', '2025-06-30 15:39:46.793', '2025-04-03 15:39:46.793'),
(NULL, 49, 36, '2024-10-26 15:39:46.793', '2025-11-07 15:39:46.793', NULL),
(NULL, 38, 5, '2024-10-25 15:39:46.793', '2025-05-31 15:39:46.793', '2025-04-04 15:39:46.793'),
(NULL, 22, 1, '2025-01-03 15:39:46.793', '2025-10-17 15:39:46.793', '2025-07-09 15:39:46.793'),
(NULL, 7, 13, '2024-07-04 15:39:46.793', '2025-08-17 15:39:46.793', '2025-08-21 15:39:46.793'),
(NULL, 25, 29, '2024-12-18 15:39:46.793', NULL, '2025-06-07 15:39:46.793'),
(NULL, 43, 49, '2024-07-30 15:39:46.793', NULL, NULL),
(NULL, 37, 32, '2024-04-07 15:39:46.793', NULL, '2025-05-29 15:39:46.793'),
(NULL, 47, 46, '2024-09-08 15:39:46.793', '2025-04-13 15:39:46.793', '2025-05-04 15:39:46.793'),
(NULL, 43, 40, '2024-03-14 15:39:46.793', '2026-02-22 15:39:46.793', '2025-08-06 15:39:46.793'),
(NULL, 21, 17, '2024-12-12 15:39:46.793', '2025-07-08 15:39:46.793', '2025-02-26 15:39:46.793'),
(NULL, 14, 16, '2024-04-04 15:39:46.793', '2025-11-05 15:39:46.793', '2025-05-02 15:39:46.793'),
(NULL, 38, 22, '2024-11-06 15:39:46.793', '2025-05-22 15:39:46.793', '2025-08-07 15:39:46.793'),
(NULL, 34, 20, '2024-07-10 15:39:46.793', '2025-06-02 15:39:46.793', '2025-05-11 15:39:46.793');

INSERT INTO `subscription-book` (subscription_id, book_id, version) VALUES
(31, 3, 'ENHANCED'),
(36, 35, 'INSTRUCTOR'),
(6, 35, 'BASE'),
(33, 40, 'INSTRUCTOR'),
(48, 49, 'ENHANCED'),
(42, 32, 'ENHANCED'),
(14, 24, 'BASE'),
(13, 6, 'BASE'),
(43, 16, 'ENHANCED'),
(15, 10, 'BASE'),
(46, 15, 'INSTRUCTOR'),
(50, 15, 'INSTRUCTOR'),
(18, 41, 'INSTRUCTOR'),
(25, 26, 'BASE'),
(15, 28, 'ENHANCED'),
(15, 41, 'PUBLISHER'),
(12, 35, 'ENHANCED'),
(21, 39, 'BASE'),
(18, 28, 'PUBLISHER'),
(32, 36, 'ENHANCED'),
(46, 47, 'ENHANCED'),
(50, 17, 'INSTRUCTOR'),
(44, 23, 'ENHANCED'),
(21, 23, 'ENHANCED'),
(22, 49, 'PUBLISHER'),
(34, 18, 'BASE'),
(44, 13, 'INSTRUCTOR'),
(42, 4, 'INSTRUCTOR'),
(38, 39, 'ENHANCED'),
(15, 11, 'INSTRUCTOR'),
(41, 32, 'PUBLISHER'),
(7, 50, 'PUBLISHER'),
(24, 16, 'PUBLISHER'),
(35, 43, 'ENHANCED'),
(31, 46, 'ENHANCED'),
(9, 44, 'INSTRUCTOR'),
(2, 13, 'BASE'),
(3, 1, 'PUBLISHER'),
(24, 29, 'ENHANCED'),
(12, 30, 'PUBLISHER'),
(46, 27, 'PUBLISHER'),
(42, 48, 'INSTRUCTOR'),
(4, 10, 'ENHANCED'),
(24, 42, 'ENHANCED'),
(25, 22, 'BASE'),
(20, 13, 'BASE'),
(37, 41, 'ENHANCED'),
(45, 39, 'BASE'),
(11, 26, 'BASE'),
(44, 49, 'ENHANCED'),
(17, 17, 'BASE'),
(17, 33, 'PUBLISHER'),
(34, 47, 'BASE'),
(47, 5, 'PUBLISHER'),
(15, 5, 'BASE'),
(30, 17, 'INSTRUCTOR'),
(33, 13, 'INSTRUCTOR'),
(9, 9, 'ENHANCED'),
(27, 22, 'PUBLISHER'),
(7, 31, 'ENHANCED'),
(29, 11, 'PUBLISHER'),
(43, 35, 'INSTRUCTOR'),
(48, 21, 'BASE'),
(5, 36, 'PUBLISHER'),
(24, 40, 'BASE'),
(4, 34, 'ENHANCED'),
(47, 3, 'INSTRUCTOR'),
(12, 44, 'INSTRUCTOR'),
(42, 26, 'PUBLISHER'),
(24, 15, 'ENHANCED'),
(40, 34, 'INSTRUCTOR'),
(17, 36, 'ENHANCED'),
(21, 35, 'INSTRUCTOR'),
(2, 15, 'PUBLISHER'),
(33, 6, 'BASE'),
(35, 33, 'INSTRUCTOR'),
(48, 45, 'PUBLISHER'),
(37, 6, 'PUBLISHER'),
(18, 21, 'ENHANCED'),
(25, 8, 'PUBLISHER'),
(23, 47, 'PUBLISHER'),
(40, 8, 'BASE'),
(13, 39, 'BASE'),
(45, 30, 'ENHANCED'),
(7, 14, 'ENHANCED'),
(29, 40, 'BASE'),
(32, 26, 'BASE'),
(38, 48, 'INSTRUCTOR'),
(8, 6, 'PUBLISHER'),
(15, 25, 'ENHANCED'),
(19, 23, 'BASE'),
(49, 48, 'INSTRUCTOR'),
(46, 44, 'ENHANCED'),
(13, 28, 'INSTRUCTOR'),
(41, 21, 'ENHANCED'),
(31, 49, 'PUBLISHER'),
(9, 30, 'INSTRUCTOR'),
(42, 11, 'ENHANCED'),
(44, 15, 'INSTRUCTOR'),
(46, 24, 'PUBLISHER');
